building_id,f1_score,precision,recall
568,0.8835978835978836,0.7929724596391263,0.997610513739546
467,0.9194865810968494,0.8985176738882554,0.9414575866188769
1335,0.9078179696616102,0.887115165336374,0.929510155316607
66,0.9649941656942824,0.942987457240593,0.98805256869773
1252,0.8804232804232804,0.7901234567901234,0.994026284348865
740,0.9189504373177843,0.89749430523918,0.9414575866188769
795,0.9620991253644315,0.9396355353075171,0.985663082437276
1205,0.8731343283582089,0.850909090909091,0.896551724137931
212,0.9411078717201167,0.9191343963553531,0.96415770609319
534,0.9544924154025671,0.9327251995438997,0.977299880525687
39,0.8839427662957074,0.7942857142857143,0.996415770609319
477,0.953935860058309,0.9316628701594533,0.977299880525687
522,0.9131195335276968,0.8917995444191344,0.9354838709677419
999,0.9743290548424738,0.9521094640820981,0.997610513739546
76,0.9189504373177843,0.89749430523918,0.9414575866188769
344,0.9154518950437318,0.8940774487471527,0.937873357228196
595,0.9166180758017493,0.8952164009111617,0.9390681003584229
1074,0.6496478873239436,0.8405466970387244,0.5294117647058824
512,0.9299883313885647,0.9087799315849487,0.9522102747909199
558,0.9446064139941691,0.9225512528473804,0.967741935483871
1306,0.8804232804232804,0.7901234567901234,0.994026284348865
10,0.881104033970276,0.792741165234002,0.991636798088411
942,0.6458443620963473,0.5798479087452472,0.7287933094384708
486,0.8772486772486773,0.7872744539411206,0.9904420549581839
168,0.9201166180758017,0.8986332574031891,0.942652329749104
498,0.8856476079346558,0.8654503990877993,0.9068100358422939
533,0.970262390670554,0.9476082004555809,0.994026284348865
1068,0.9145658263305322,0.893296853625171,0.9368723098995696
337,0.9154518950437318,0.8940774487471527,0.937873357228196
1006,0.904043452021726,0.8331479421579533,0.9881266490765171
1391,0.8792372881355932,0.7897240723120837,0.991636798088411
53,0.9591598599766628,0.9372862029646523,0.982078853046595
423,0.8790874524714829,0.7885402455661664,0.993127147766323
1354,0.8819481206987825,0.7918250950570342,0.995221027479092
587,0.7386243386243386,0.6628679962013295,0.8339307048984468
1410,0.8955049620548745,0.8755707762557078,0.9163679808841099
988,0.956268221574344,0.9339407744874715,0.9796893667861409
1086,0.9243697478991597,0.9028727770177839,0.9469153515064562
356,0.9166180758017493,0.8952164009111617,0.9390681003584229
580,0.9019836639439907,0.8814139110604333,0.9235364396654719
986,0.7706302794022092,0.8447293447293447,0.7084826762246117
1334,0.9352769679300291,0.9134396355353075,0.9581839904420549
1183,0.9096209912536443,0.8883826879271071,0.931899641577061
685,0.9297935103244838,0.9184149184149184,0.9414575866188769
1019,0.8074270557029177,0.7247619047619047,0.911377245508982
451,0.8967930029154519,0.8758542141230068,0.918757467144564
185,0.9469387755102041,0.9248291571753986,0.970131421744325
1541,0.9165687426556992,0.8944954128440367,0.9397590361445783
655,0.7252155172413793,0.6604514229636899,0.8040621266427718
620,0.8167817312798725,0.7351816443594646,0.918757467144564
960,0.48203788373612017,0.531700288184438,0.44086021505376344
1445,0.8991253644314868,0.878132118451025,0.921146953405018
774,0.8967930029154519,0.8758542141230068,0.918757467144564
1131,0.9743290548424738,0.9521094640820981,0.997610513739546
964,0.7711313394018205,0.8459343794579173,0.7084826762246117
1443,0.9655575014594279,0.9440639269406392,0.98805256869773
1207,0.9072886297376094,0.8861047835990888,0.929510155316607
297,0.8231173380035026,0.8047945205479452,0.8422939068100358
200,0.9241540256709452,0.9030786773090079,0.946236559139785
808,0.8804232804232804,0.7901234567901234,0.994026284348865
613,0.8603174603174604,0.7720797720797721,0.9713261648745519
766,0.8909620991253644,0.8701594533029613,0.9127837514934289
1154,0.8012232415902141,0.8762541806020067,0.7380281690140845
1348,0.8991253644314868,0.878132118451025,0.921146953405018
303,0.9107871720116618,0.8895216400911162,0.9330943847072879
1447,0.9387755102040817,0.9168564920273349,0.961768219832736
24,0.9043173862310385,0.8836944127708096,0.9259259259259259
1206,0.9008168028004667,0.8802736602052451,0.9223416965352449
757,0.9492711370262391,0.9271070615034168,0.972520908004779
847,0.5249266862170088,0.6793168880455408,0.42771804062126645
489,0.9259475218658892,0.9043280182232346,0.948626045400239
778,0.9737609329446064,0.9510250569476082,0.997610513739546
1130,0.956268221574344,0.9339407744874715,0.9796893667861409
195,0.9026239067055394,0.8815489749430524,0.9247311827956989
1516,0.9606986899563319,0.9381663113006397,0.9843400447427293
368,0.9612307692307692,0.9387019230769231,0.9848675914249685
1537,0.9471210340775558,0.9243119266055045,0.9710843373493976
1149,0.9737609329446064,0.9510250569476082,0.997610513739546
1262,0.8148148148148148,0.7312440645773979,0.9199522102747909
242,0.8706536856745479,0.7815230961298377,0.9827315541601256
310,0.725925925925926,0.6514719848053181,0.8195937873357229
136,0.9334889148191365,0.9122006841505131,0.955794504181601
748,0.9411078717201167,0.9191343963553531,0.96415770609319
1501,0.8794520547945206,0.8582887700534759,0.901685393258427
457,0.9574344023323615,0.9350797266514806,0.980884109916368
276,0.965597667638484,0.9430523917995444,0.989247311827957
556,0.9364431486880467,0.9145785876993167,0.959378733572282
1156,0.9574344023323615,0.9350797266514806,0.980884109916368
354,0.9714285714285714,0.94874715261959,0.995221027479092
5,0.9271137026239067,0.9054669703872438,0.9498207885304659
488,0.837037037037037,0.7511870845204178,0.945041816009558
295,0.878134110787172,0.857630979498861,0.899641577060932
138,0.8042328042328042,0.7217473884140551,0.9080047789725209
823,0.9229871645274212,0.9019384264538198,0.945041816009558
1146,0.9597667638483965,0.9373576309794989,0.983273596176822
57,0.944801026957638,0.9223057644110275,0.968421052631579
1527,0.9024676850763808,0.8807339449541285,0.9253012048192771
1010,0.8843728100911002,0.8643835616438356,0.9053084648493543
737,0.9387755102040817,0.9168564920273349,0.961768219832736
263,0.9591078066914498,0.9364791288566243,0.9828571428571429
1356,0.8839650145772595,0.8633257403189066,0.9056152927120669
836,0.8814814814814815,0.7910731244064577,0.995221027479092
191,0.9387755102040817,0.9168564920273349,0.961768219832736
309,0.8758017492711371,0.8553530751708428,0.8972520908004779
1143,0.9597667638483965,0.9373576309794989,0.983273596176822
184,0.6324152542372882,0.5680304471931494,0.7132616487455197
192,0.9399416909620991,0.9179954441913439,0.9629629629629629
373,0.9422740524781341,0.9202733485193622,0.965352449223417
93,0.8606413994169096,0.8405466970387244,0.8817204301075269
61,0.9737609329446064,0.9510250569476082,0.997610513739546
947,0.7685305591677504,0.8430813124108416,0.7060931899641577
1569,0.889795918367347,0.8690205011389521,0.9115890083632019
1297,0.9481049562682216,0.9259681093394078,0.9713261648745519
1192,0.46984126984126984,0.42165242165242167,0.5304659498207885
1446,0.9667250437828371,0.9452054794520548,0.989247311827957
1196,0.8507936507936508,0.7635327635327636,0.9605734767025089
408,0.963265306122449,0.9407744874715261,0.986857825567503
1275,0.8791866028708134,0.8586448598130841,0.9007352941176471
911,0.7371495327102804,0.7211428571428572,0.7538829151732378
122,0.34074074074074073,0.3057929724596391,0.3847072879330944
201,0.9189504373177843,0.89749430523918,0.9414575866188769
973,0.589993502274204,0.6467236467236467,0.5424133811230586
806,0.9551020408163265,0.9328018223234624,0.978494623655914
1084,0.927170868347339,0.905608755129959,0.9497847919655668
910,0.38095238095238093,0.3418803418803419,0.43010752688172044
1547,0.9446064139941691,0.9225512528473804,0.967741935483871
396,0.8513119533527697,0.8314350797266514,0.8721624850657109
143,0.9018224573780129,0.8805970149253731,0.9240963855421687
447,0.9363689433741973,0.9144811858608894,0.9593301435406698
851,0.7212230215827338,0.646774193548387,0.8150406504065041
1545,0.8909620991253644,0.8701594533029613,0.9127837514934289
1037,0.8822589238145978,0.7923444976076555,0.9951923076923077
529,0.9316987740805605,0.910958904109589,0.953405017921147
1350,0.8835978835978836,0.7929724596391263,0.997610513739546
1094,0.8851540616246498,0.8645690834473324,0.9067431850789096
338,0.9026239067055394,0.8815489749430524,0.9247311827956989
853,0.8310880829015544,0.8150406504065041,0.8477801268498943
764,0.885131195335277,0.8644646924829157,0.9068100358422939
834,0.9789283564118001,0.9598583234946871,0.9987714987714987
73,0.9690962099125364,0.9464692482915718,0.992831541218638
904,0.5697503671071953,0.7390476190476191,0.4635603345280765
1407,0.8402116402116402,0.7540360873694207,0.948626045400239
1534,0.8481675392670157,0.9283667621776505,0.7807228915662651
1272,0.9417989417989417,0.9213250517598344,0.9632034632034632
729,0.9737609329446064,0.9510250569476082,0.997610513739546
520,0.7764830508474576,0.6974310180780209,0.8757467144563919
784,0.963265306122449,0.9407744874715261,0.986857825567503
248,0.9544924154025671,0.9327251995438997,0.977299880525687
634,0.9426900584795321,0.9232531500572738,0.9629629629629629
461,0.9690962099125364,0.9464692482915718,0.992831541218638
1572,0.9469387755102041,0.9248291571753986,0.970131421744325
460,0.9529860228716646,0.9328358208955224,0.974025974025974
736,0.938137321549966,0.9163346613545816,0.9610027855153204
1292,0.8130311614730878,0.7284263959390863,0.9198717948717948
114,0.8568398727465536,0.7702573879885606,0.965352449223417
21,0.8768996960486323,0.7871759890859482,0.9897084048027445
882,0.7589343729694606,0.8319088319088319,0.6977299880525687
1202,0.8793650793650793,0.7891737891737892,0.992831541218638
1388,0.8804232804232804,0.7901234567901234,0.994026284348865
345,0.8908347927612376,0.8710045662100456,0.9115890083632019
422,0.9469387755102041,0.9248291571753986,0.970131421744325
1352,0.9399416909620991,0.9179954441913439,0.9629629629629629
849,0.6005830903790087,0.5865603644646925,0.6152927120669056
1571,0.9516034985422741,0.929384965831435,0.974910394265233
1455,0.9234760051880675,0.9012658227848102,0.9468085106382979
1396,0.9620991253644315,0.9396355353075171,0.985663082437276
144,0.9142857142857143,0.8929384965831435,0.9366786140979689
166,0.8890074706510138,0.8032786885245902,0.995221027479092
787,0.8808893594494441,0.7908745247148289,0.994026284348865
315,0.9171528588098017,0.8962371721778791,0.9390681003584229
280,0.9760319573901465,0.953185955786736,1.0
1381,0.9527696793002915,0.9305239179954442,0.97610513739546
906,0.5401288810779145,0.5298850574712644,0.5507765830346476
374,0.4692802808660035,0.4598623853211009,0.47909199522102747
576,0.9282798833819242,0.9066059225512528,0.951015531660693
648,0.6250812215724496,0.6851851851851852,0.5746714456391876
142,0.7688229056203606,0.6911344137273594,0.8661887694145759
785,0.9061224489795918,0.8849658314350797,0.9283154121863799
223,0.9236151603498542,0.9020501138952164,0.946236559139785
221,0.9492711370262391,0.9271070615034168,0.972520908004779
129,0.8804232804232804,0.7901234567901234,0.994026284348865
539,0.9212827988338192,0.8997722095671982,0.9438470728793309
155,0.9439906651108518,0.9224629418472063,0.966547192353644
901,0.6911850554582604,0.6757990867579908,0.7072879330943848
744,0.965597667638484,0.9430523917995444,0.989247311827957
1542,0.9411764705882353,0.9195402298850575,0.963855421686747
269,0.9690962099125364,0.9464692482915718,0.992831541218638
361,0.9341107871720117,0.9123006833712984,0.956989247311828
1454,0.9492711370262391,0.9271070615034168,0.972520908004779
352,0.8489795918367347,0.8291571753986332,0.8697729988052568
854,0.7843137254901961,0.7652173913043478,0.8043875685557587
1216,0.6878306878306878,0.6172839506172839,0.7765830346475507
100,0.912485414235706,0.8916761687571265,0.9342891278375149
606,0.8653061224489796,0.8451025056947609,0.8864994026284349
482,0.8740740740740741,0.7844254510921178,0.986857825567503
1111,0.8269720101781171,0.7428571428571429,0.9325681492109039
104,0.8419825072886298,0.8223234624145785,0.8626045400238949
1325,0.9294460641399417,0.907744874715262,0.9522102747909199
1364,0.7360308285163777,0.9502487562189055,0.60062893081761
474,0.956268221574344,0.9339407744874715,0.9796893667861409
1060,0.8549905838041432,0.8355828220858895,0.8753213367609255
763,0.9346557759626605,0.9133409350057012,0.956989247311828
3,0.9589958158995816,0.9362745098039216,0.9828473413379074
886,0.8256559766763848,0.806378132118451,0.8458781362007168
480,0.8813559322033898,0.7916270218839201,0.994026284348865
1059,0.9356014580801945,0.9134045077105575,0.958904109589041
713,0.9451575262543758,0.9236031927023945,0.967741935483871
1162,0.7894179894179895,0.7084520417853751,0.8912783751493429
1493,0.8683651804670913,0.7812798471824259,0.977299880525687
1575,0.9107871720116618,0.8895216400911162,0.9330943847072879
724,0.9282798833819242,0.9066059225512528,0.951015531660693
565,0.8967930029154519,0.8758542141230068,0.918757467144564
1075,0.9171528588098017,0.8962371721778791,0.9390681003584229
258,0.9119533527696793,0.8906605922551253,0.9342891278375149
32,0.8769679300291545,0.856492027334852,0.8984468339307049
667,0.8832,0.7976878612716763,0.989247311827957
864,0.32404692082111436,0.41935483870967744,0.2640382317801673
1437,0.8549520766773163,0.8352059925093633,0.8756544502617801
1362,0.8839650145772595,0.8633257403189066,0.9056152927120669
370,0.9422835633626098,0.9203431372549019,0.9652956298200515
858,0.6555819477434679,0.6517119244391971,0.6594982078853047
705,0.9644334160463193,0.9418416801292407,0.988135593220339
554,0.894460641399417,0.8735763097949886,0.9163679808841099
930,0.7320490367775832,0.7157534246575342,0.7491039426523297
1483,0.9049562682215744,0.8838268792710706,0.927120669056153
1115,0.9626604434072346,0.9407069555302167,0.985663082437276
316,0.8967930029154519,0.8758542141230068,0.918757467144564
692,0.9054842473745625,0.8848346636259977,0.927120669056153
1488,0.9446064139941691,0.9225512528473804,0.967741935483871
231,0.8317460317460318,0.7464387464387464,0.9390681003584229
649,0.8666666666666667,0.7777777777777778,0.978494623655914
801,0.9259475218658892,0.9043280182232346,0.948626045400239
1228,0.9551020408163265,0.9328018223234624,0.978494623655914
1312,0.8783068783068783,0.7882241215574549,0.991636798088411
1077,0.9439775910364145,0.9220246238030095,0.9670014347202296
40,0.9306122448979591,0.908883826879271,0.953405017921147
101,0.9253012048192771,0.9045936395759717,0.9469790382244143
239,0.9387755102040817,0.9168564920273349,0.961768219832736
18,0.9568261376896149,0.935005701254276,0.9796893667861409
1562,0.9527696793002915,0.9305239179954442,0.97610513739546
1403,0.6585365853658537,0.5919923736892279,0.7419354838709677
682,0.9146198830409357,0.8957617411225659,0.9342891278375149
650,0.8465608465608465,0.7597340930674265,0.955794504181601
592,0.9603267211201867,0.9384264538198404,0.983273596176822
563,0.9259475218658892,0.9043280182232346,0.948626045400239
1557,0.958600583090379,0.9362186788154897,0.982078853046595
922,0.43548387096774194,0.5635673624288425,0.3548387096774194
972,0.5523066926575698,0.6054131054131054,0.5077658303464755
67,0.9731621936989499,0.95096921322691,0.996415770609319
288,0.9364431486880467,0.9145785876993167,0.959378733572282
15,0.9737609329446064,0.9510250569476082,0.997610513739546
619,0.913681738109219,0.8983833718244804,0.929510155316607
1014,0.9187675070028011,0.8974008207934336,0.9411764705882353
1331,0.8979591836734694,0.876993166287016,0.9199522102747909
646,0.8967930029154519,0.8758542141230068,0.918757467144564
199,0.9224489795918367,0.9009111617312073,0.945041816009558
403,0.969626168224299,0.9485714285714286,0.991636798088411
1113,0.9731621936989499,0.95096921322691,0.996415770609319
1171,0.9247813411078717,0.9031890660592256,0.9474313022700119
1257,0.9504373177842566,0.928246013667426,0.973715651135006
1167,0.873015873015873,0.7834757834757835,0.985663082437276
833,0.9743290548424738,0.9521094640820981,0.997610513739546
968,0.5627030539311241,0.6168091168091168,0.5173237753882916
1137,0.9527696793002915,0.9305239179954442,0.97610513739546
866,0.5945241199478487,0.6542324246771879,0.5448028673835126
1221,0.9271137026239067,0.9054669703872438,0.9498207885304659
284,0.8559766763848397,0.835990888382688,0.8769414575866189
1351,0.8804232804232804,0.7901234567901234,0.994026284348865
1330,0.6765734265734266,0.6065830721003135,0.7648221343873518
446,0.9614485981308412,0.9405714285714286,0.983273596176822
1319,0.8798305982001059,0.7899239543726235,0.992831541218638
1036,0.9628591450595655,0.9410958904109589,0.9856527977044476
1127,0.9737609329446064,0.9510250569476082,0.997610513739546
890,0.32076473712161446,0.2887189292543021,0.36081242532855434
1245,0.7682539682539683,0.6894586894586895,0.8673835125448028
701,0.9306122448979591,0.908883826879271,0.953405017921147
14,0.8772486772486773,0.7872744539411206,0.9904420549581839
283,0.9714285714285714,0.94874715261959,0.995221027479092
1071,0.8375350140056023,0.8180574555403557,0.8579626972740315
812,0.970262390670554,0.9476082004555809,0.994026284348865
279,0.9119533527696793,0.8906605922551253,0.9342891278375149
1076,0.8597475455820477,0.840877914951989,0.8794835007173601
1399,0.953935860058309,0.9316628701594533,0.977299880525687
1343,0.9154518950437318,0.8940774487471527,0.937873357228196
638,0.4302477183833116,0.4714285714285714,0.39568345323741005
1413,0.970828471411902,0.9486887115165337,0.994026284348865
1536,0.9142185663924794,0.8922018348623854,0.9373493975903614
1057,0.9397759103641457,0.9179206566347469,0.9626972740315638
1108,0.9262994569433669,0.9045454545454545,0.9491255961844197
660,0.8891257995735607,0.8026948989412896,0.996415770609319
862,0.556268221574344,0.5432801822323462,0.5698924731182796
946,0.7612375948628137,0.7442922374429224,0.7789725209080047
678,0.8961807423345884,0.815068493150685,0.995221027479092
26,0.9282798833819242,0.9066059225512528,0.951015531660693
108,0.7596266044340724,0.74230330672748,0.7777777777777778
224,0.7125463208046585,0.6397338403041825,0.8040621266427718
305,0.9481049562682216,0.9259681093394078,0.9713261648745519
1532,0.9259694477085781,0.9036697247706422,0.9493975903614458
161,0.8545454545454545,0.7663043478260869,0.9657534246575342
898,0.5799739921976593,0.6362339514978602,0.5328554360812425
1506,0.8137566137566138,0.7302943969610636,0.918757467144564
294,0.9737609329446064,0.9510250569476082,0.997610513739546
939,0.801819363222872,0.8789173789173789,0.7371565113500598
1092,0.8774603174603175,0.7870159453302962,0.9913916786226685
444,0.9131195335276968,0.8917995444191344,0.9354838709677419
307,0.9714285714285714,0.94874715261959,0.995221027479092
430,0.9201166180758017,0.8986332574031891,0.942652329749104
1278,0.9579929988331388,0.936145952109464,0.980884109916368
900,0.6928028086600351,0.6788990825688074,0.7072879330943848
113,0.8466472303206997,0.826879271070615,0.8673835125448028
115,0.9411078717201167,0.9191343963553531,0.96415770609319
567,0.9224489795918367,0.9009111617312073,0.945041816009558
615,0.8787718369507675,0.7889733840304183,0.991636798088411
162,0.88688263409453,0.7982791586998088,0.997610513739546
1382,0.9620991253644315,0.9396355353075171,0.985663082437276
725,0.953935860058309,0.9316628701594533,0.977299880525687
1393,0.7883381924198251,0.7699316628701595,0.8076463560334528
389,0.9334889148191365,0.9122006841505131,0.955794504181601
1088,0.7835723598435462,0.8585714285714285,0.7206235011990407
1524,0.9236192714453584,0.9013761467889908,0.946987951807229
413,0.8680961663417803,0.9515669515669516,0.7980884109916367
989,0.963265306122449,0.9407744874715261,0.986857825567503
1140,0.9714285714285714,0.94874715261959,0.995221027479092
1085,0.8807854137447405,0.8614540466392319,0.9010043041606887
250,0.9457725947521866,0.9236902050113895,0.9689366786140979
453,0.817989417989418,0.7340930674264008,0.9235364396654719
1444,0.9253208868144691,0.9042189281641961,0.9474313022700119
257,0.8809801633605601,0.8608893956670467,0.9020310633213859
1370,0.5894428152492669,0.7628083491461101,0.48028673835125446
943,0.638771186440678,0.5737392959086585,0.7204301075268817
917,0.5174603174603175,0.46438746438746437,0.5842293906810035
1151,0.9642857142857143,0.9410187667560321,0.9887323943661972
1194,0.8158730158730159,0.7321937321937322,0.921146953405018
494,0.9002915451895044,0.8792710706150342,0.9223416965352449
965,0.3272490221642764,0.2935672514619883,0.3696612665684831
1046,0.9369747899159664,0.9151846785225718,0.9598278335724534
1338,0.956268221574344,0.9339407744874715,0.9796893667861409
1475,0.79463243873979,0.7765108323831242,0.8136200716845878
1496,0.9411078717201167,0.9191343963553531,0.96415770609319
831,0.972594752186589,0.9498861047835991,0.996415770609319
116,0.967930029154519,0.9453302961275627,0.991636798088411
500,0.9399416909620991,0.9179954441913439,0.9629629629629629
610,0.958600583090379,0.9362186788154897,0.982078853046595
1376,0.8787718369507675,0.7889733840304183,0.991636798088411
62,0.9457725947521866,0.9236902050113895,0.9689366786140979
639,0.5948827292110874,0.5370548604427334,0.6666666666666666
645,0.933570581257414,0.9161816065192084,0.9516324062877872
496,0.9177842565597668,0.8963553530751709,0.94026284348865
336,0.9159859976662778,0.895096921322691,0.937873357228196
875,0.5838751625487646,0.6405135520684736,0.5364396654719236
1248,0.7961884595023823,0.714828897338403,0.8984468339307049
1112,0.8213429256594724,0.8021077283372365,0.8415233415233415
314,0.8839650145772595,0.8633257403189066,0.9056152927120669
1282,0.8903150525087514,0.8700114025085519,0.9115890083632019
233,0.9511440940012369,0.97712833545108,0.9265060240963855
23,0.963265306122449,0.9407744874715261,0.986857825567503
436,0.9714285714285714,0.94874715261959,0.995221027479092
773,0.8932944606413994,0.8724373576309795,0.9151732377538829
1453,0.9131195335276968,0.8917995444191344,0.9354838709677419
1333,0.8454593733404142,0.7609942638623327,0.951015531660693
1109,0.797859690844233,0.7793263646922184,0.8172959805115713
117,0.7754237288135594,0.6964795432921027,0.8745519713261649
428,0.9422740524781341,0.9202733485193622,0.965352449223417
42,0.9072886297376094,0.8861047835990888,0.929510155316607
734,0.9434402332361516,0.9214123006833713,0.966547192353644
1373,0.9562171628721541,0.934931506849315,0.978494623655914
1326,0.852910052910053,0.7654320987654321,0.9629629629629629
952,0.985285462036492,0.9709976798143851,1.0
426,0.956268221574344,0.9339407744874715,0.9796893667861409
687,0.8891257995735607,0.8026948989412896,0.996415770609319
464,0.953935860058309,0.9316628701594533,0.977299880525687
225,0.819047619047619,0.7350427350427351,0.9247311827956989
998,0.963265306122449,0.9407744874715261,0.986857825567503
1042,0.927170868347339,0.905608755129959,0.9497847919655668
1274,0.9224489795918367,0.9009111617312073,0.945041816009558
35,0.9737609329446064,0.9510250569476082,0.997610513739546
209,0.8879356568364611,0.8054474708171206,0.989247311827957
688,0.9077013521457966,0.8935185185185185,0.9223416965352449
617,0.8304093567251462,0.7473684210526316,0.9342105263157895
1002,0.9478428847392144,0.9257861635220126,0.9709762532981531
949,0.6450928381962865,0.5801526717557252,0.7264038231780168
1406,0.9527696793002915,0.9305239179954442,0.97610513739546
386,0.9411078717201167,0.9191343963553531,0.96415770609319
132,0.972594752186589,0.9498861047835991,0.996415770609319
1535,0.9212690951821386,0.8990825688073395,0.944578313253012
339,0.9317784256559767,0.9100227790432802,0.954599761051374
951,0.4933827421916358,0.4429657794676806,0.5567502986857825
79,0.9106783075889859,0.889763779527559,0.9325997248968363
275,0.970262390670554,0.9476082004555809,0.994026284348865
130,0.9364431486880467,0.9145785876993167,0.959378733572282
1093,0.9096005606166784,0.8890410958904109,0.9311334289813487
940,0.700454840805718,0.7678062678062678,0.6439665471923537
443,0.9096209912536443,0.8883826879271071,0.931899641577061
1043,0.927170868347339,0.905608755129959,0.9497847919655668
92,0.9749271137026239,0.9521640091116174,0.998805256869773
1098,0.8983481575603558,0.8771712158808933,0.9205729166666666
1144,0.9690962099125364,0.9464692482915718,0.992831541218638
202,0.9597667638483965,0.9373576309794989,0.983273596176822
321,0.972594752186589,0.9498861047835991,0.996415770609319
109,0.921875,0.8984771573604061,0.946524064171123
1511,0.8023323615160349,0.7835990888382688,0.8219832735961768
1520,0.9683751363140676,0.9446808510638298,0.9932885906040269
652,0.8917748917748918,0.8150346191889218,0.984468339307049
1510,0.963265306122449,0.9407744874715261,0.986857825567503
627,0.47861396859772604,0.4376237623762376,0.5280764635603346
118,0.8002602472348731,0.8785714285714286,0.7347670250896058
1051,0.9117647058823529,0.8905608755129959,0.9340028694404591
456,0.7755968169761274,0.6975190839694656,0.8733572281959379
330,0.9271137026239067,0.9054669703872438,0.9498207885304659
472,0.9434402332361516,0.9214123006833713,0.966547192353644
934,0.599479843953186,0.6576319543509273,0.5507765830346476
1126,0.9748978400467017,0.9531963470319634,0.997610513739546
218,0.8691043985161632,0.780952380952381,0.9796893667861409
1310,0.7947019867549668,0.7761966364812419,0.8141112618724559
503,0.965597667638484,0.9430523917995444,0.989247311827957
894,0.7615700058582309,0.7471264367816092,0.7765830346475507
1203,0.9008168028004667,0.8802736602052451,0.9223416965352449
524,0.9574344023323615,0.9350797266514806,0.980884109916368
976,0.7766763848396502,0.7585421412300684,0.7956989247311828
409,0.9597197898423818,0.9383561643835616,0.982078853046595
81,0.9090909090909091,0.8883248730964467,0.9308510638297872
1268,0.9644314868804664,0.9419134396355353,0.98805256869773
1363,0.9474912485414235,0.9258836944127709,0.970131421744325
1432,0.9293636894337419,0.908675799086758,0.951015531660693
320,0.9002915451895044,0.8792710706150342,0.9223416965352449
768,0.9492711370262391,0.9271070615034168,0.972520908004779
133,0.9002915451895044,0.8792710706150342,0.9223416965352449
47,0.9737609329446064,0.9510250569476082,0.997610513739546
1402,0.9364431486880467,0.9145785876993167,0.959378733572282
1007,0.8845315904139434,0.8638297872340426,0.90625
1107,0.9467787114845938,0.9247606019151847,0.96987087517934
1332,0.8793650793650793,0.7891737891737892,0.992831541218638
237,0.8704018109790606,0.7807106598984772,0.9833759590792839
1503,0.9002915451895044,0.8792710706150342,0.9223416965352449
545,0.9154518950437318,0.8940774487471527,0.937873357228196
152,0.8844807467911319,0.8643101482326112,0.9056152927120669
1066,0.9502452697967765,0.9287671232876712,0.9727403156384505
167,0.956268221574344,0.9339407744874715,0.9796893667861409
1226,0.8706274292059967,0.7816550348953141,0.9824561403508771
22,0.9574344023323615,0.9350797266514806,0.980884109916368
405,0.8513119533527697,0.8314350797266514,0.8721624850657109
913,0.7352425482174167,0.7196796338672768,0.7514934289127837
278,0.9690962099125364,0.9464692482915718,0.992831541218638
1135,0.953935860058309,0.9316628701594533,0.977299880525687
1004,0.9465550547327752,0.9245283018867925,0.9696569920844327
721,0.9457725947521866,0.9236902050113895,0.9689366786140979
1497,0.9411078717201167,0.9191343963553531,0.96415770609319
780,0.7474854420328216,0.6711026615969582,0.8434886499402628
708,0.9737609329446064,0.9510250569476082,0.997610513739546
1412,0.8891495601173021,0.868270332187858,0.9110576923076923
1468,0.9194865810968494,0.8985176738882554,0.9414575866188769
103,0.9218203033838973,0.9007981755986317,0.9438470728793309
471,0.972594752186589,0.9498861047835991,0.996415770609319
1110,0.728042328042328,0.6533713200379867,0.8219832735961768
1494,0.8967930029154519,0.8758542141230068,0.918757467144564
892,0.7090694935217904,0.6991869918699187,0.7192353643966547
1237,0.9206534422403734,0.8996579247434435,0.942652329749104
899,0.5403645833333334,0.5937052932761088,0.4958183990442055
626,0.5416004239533652,0.4866666666666667,0.6105137395459976
1258,0.9142857142857143,0.8929384965831435,0.9366786140979689
1190,0.9393232205367561,0.9179019384264538,0.961768219832736
398,0.9131195335276968,0.8917995444191344,0.9354838709677419
156,0.9224489795918367,0.9009111617312073,0.945041816009558
193,0.9381563593932322,0.9167616875712656,0.9605734767025089
485,0.8798305982001059,0.7899239543726235,0.992831541218638
1124,0.9434402332361516,0.9214123006833713,0.966547192353644
1395,0.9096209912536443,0.8883826879271071,0.931899641577061
20,0.9376093294460641,0.9157175398633257,0.9605734767025089
1522,0.9104618284637135,0.8895027624309392,0.9324324324324325
711,0.8814814814814815,0.7910731244064577,0.995221027479092
642,0.8862973760932945,0.8656036446469249,0.9080047789725209
596,0.9037900874635568,0.8826879271070615,0.9259259259259259
9,0.9504373177842566,0.928246013667426,0.973715651135006
1411,0.9131195335276968,0.8917995444191344,0.9354838709677419
1012,0.6536661466458659,0.7162393162393162,0.6011477761836442
499,0.9714285714285714,0.94874715261959,0.995221027479092
1576,0.8783068783068783,0.7882241215574549,0.991636798088411
669,0.9411078717201167,0.9191343963553531,0.96415770609319
1426,0.9306122448979591,0.908883826879271,0.953405017921147
1175,0.873015873015873,0.7834757834757835,0.985663082437276
68,0.9247813411078717,0.9031890660592256,0.9474313022700119
190,0.9422066549912435,0.9212328767123288,0.96415770609319
889,0.7639788110653325,0.7529002320185615,0.7753882915173238
391,0.965597667638484,0.9430523917995444,0.989247311827957
147,0.960932944606414,0.9384965831435079,0.984468339307049
1293,0.967930029154519,0.9453302961275627,0.991636798088411
296,0.889795918367347,0.8690205011389521,0.9115890083632019
390,0.960932944606414,0.9384965831435079,0.984468339307049
1384,0.9282798833819242,0.9066059225512528,0.951015531660693
804,0.9474912485414235,0.9258836944127709,0.970131421744325
69,0.9673278879813302,0.9452679589509693,0.9904420549581839
229,0.9282798833819242,0.9066059225512528,0.951015531660693
1182,0.8278427205100957,0.7454545454545455,0.9307048984468339
419,0.9714285714285714,0.94874715261959,0.995221027479092
478,0.9731621936989499,0.95096921322691,0.996415770609319
674,0.9142857142857143,0.8929384965831435,0.9366786140979689
605,0.9644314868804664,0.9419134396355353,0.98805256869773
266,0.8513119533527697,0.8314350797266514,0.8721624850657109
574,0.9323220536756126,0.9110604332953249,0.954599761051374
1158,0.8804232804232804,0.7901234567901234,0.994026284348865
1070,0.9327731092436975,0.9110807113543091,0.9555236728837877
1405,0.7682539682539683,0.6894586894586895,0.8673835125448028
1372,0.9434402332361516,0.9214123006833713,0.966547192353644
555,0.885131195335277,0.8644646924829157,0.9068100358422939
25,0.9644314868804664,0.9419134396355353,0.98805256869773
64,0.972594752186589,0.9498861047835991,0.996415770609319
220,0.9585522475189726,0.9372146118721462,0.980884109916368
1460,0.6846560846560846,0.6144349477682811,0.7729988052568698
1287,0.9282798833819242,0.9066059225512528,0.951015531660693
782,0.9737609329446064,0.9510250569476082,0.997610513739546
966,0.5790598290598291,0.523671497584541,0.6475507765830346
668,0.8920940170940171,0.8067632850241546,0.997610513739546
1313,0.9376093294460641,0.9157175398633257,0.9605734767025089
1208,0.941656942823804,0.9201824401368301,0.96415770609319
1556,0.9393232205367561,0.9179019384264538,0.961768219832736
877,0.6679662118258609,0.7321937321937322,0.6140979689366786
36,0.9422740524781341,0.9202733485193622,0.965352449223417
557,0.7473806752037253,0.7295454545454545,0.766109785202864
78,0.9236151603498542,0.9020501138952164,0.946236559139785
265,0.8769679300291545,0.856492027334852,0.8984468339307049
165,0.9446064139941691,0.9225512528473804,0.967741935483871
796,0.9282798833819242,0.9066059225512528,0.951015531660693
1250,0.9096209912536443,0.8883826879271071,0.931899641577061
1318,0.9620991253644315,0.9396355353075171,0.985663082437276
614,0.39365079365079364,0.35327635327635326,0.4444444444444444
1486,0.965597667638484,0.9430523917995444,0.989247311827957
392,0.9072886297376094,0.8861047835990888,0.929510155316607
570,0.9527696793002915,0.9305239179954442,0.97610513739546
270,0.9719953325554259,0.9498289623717218,0.995221027479092
1198,0.8783068783068783,0.7882241215574549,0.991636798088411
697,0.9481049562682216,0.9259681093394078,0.9713261648745519
672,0.8914819136522754,0.87115165336374,0.9127837514934289
1484,0.9422740524781341,0.9202733485193622,0.965352449223417
432,0.8978400467016929,0.8768529076396807,0.9198564593301436
207,0.8211640211640212,0.7369420702754036,0.927120669056153
1033,0.7488524590163934,0.8204022988505747,0.6887816646562123
991,0.9414802065404475,0.9193277310924369,0.9647266313932981
1188,0.870899470899471,0.7815764482431149,0.983273596176822
547,0.9393232205367561,0.9179019384264538,0.961768219832736
176,0.956268221574344,0.9339407744874715,0.9796893667861409
514,0.9387755102040817,0.9168564920273349,0.961768219832736
896,0.6328784925276153,0.6937321937321937,0.5818399044205496
362,0.9171528588098017,0.8962371721778791,0.9390681003584229
273,0.9393232205367561,0.9179019384264538,0.961768219832736
38,0.8783068783068783,0.7882241215574549,0.991636798088411
921,0.6378299120234604,0.825426944971537,0.5197132616487455
1224,0.7566137566137566,0.6790123456790124,0.8542413381123058
286,0.8979591836734694,0.876993166287016,0.9199522102747909
633,0.8804232804232804,0.7901234567901234,0.994026284348865
861,0.6575698505523067,0.7207977207977208,0.6045400238948626
516,0.9481049562682216,0.9259681093394078,0.9713261648745519
260,0.9236151603498542,0.9020501138952164,0.946236559139785
981,0.6085440278988666,0.7878103837471784,0.49573863636363635
548,0.6666666666666666,0.5982905982905983,0.7526881720430108
1427,0.878177966101695,0.7887725975261656,0.9904420549581839
1546,0.9224489795918367,0.9009111617312073,0.945041816009558
170,0.9411078717201167,0.9191343963553531,0.96415770609319
434,0.9719953325554259,0.9498289623717218,0.995221027479092
1431,0.8860294117647058,0.8637992831541219,0.909433962264151
442,0.9247813411078717,0.9031890660592256,0.9474313022700119
908,0.691948658109685,0.6761687571265679,0.7084826762246117
699,0.8761904761904762,0.7863247863247863,0.989247311827957
71,0.8932944606413994,0.8724373576309795,0.9151732377538829
937,0.5049562682215744,0.49316628701594534,0.5173237753882916
469,0.9504373177842566,0.928246013667426,0.973715651135006
553,0.7608465608465609,0.6828110161443495,0.8590203106332138
573,0.9376093294460641,0.9157175398633257,0.9605734767025089
929,0.3989389920424403,0.35877862595419846,0.44922341696535245
1360,0.967930029154519,0.9453302961275627,0.991636798088411
468,0.9450934579439252,0.9245714285714286,0.966547192353644
706,0.8906009244992296,0.8678678678678678,0.9145569620253164
1265,0.8793650793650793,0.7891737891737892,0.992831541218638
418,0.9644314868804664,0.9419134396355353,0.98805256869773
204,0.9574344023323615,0.9350797266514806,0.980884109916368
1409,0.958600583090379,0.9362186788154897,0.982078853046595
43,0.9486581096849475,0.927023945267959,0.9713261648745519
188,0.941656942823804,0.9201824401368301,0.96415770609319
1136,0.969661610268378,0.9475484606613455,0.992831541218638
1001,0.9642058165548099,0.9410480349344978,0.9885321100917431
227,0.9411078717201167,0.9191343963553531,0.96415770609319
293,0.8314868804664723,0.8120728929384966,0.8518518518518519
1422,0.9156626506024096,0.8941176470588236,0.9382716049382716
840,0.6744868035190615,0.872865275142315,0.5495818399044206
476,0.9719953325554259,0.9498289623717218,0.995221027479092
673,0.9049562682215744,0.8838268792710706,0.927120669056153
770,0.967930029154519,0.9453302961275627,0.991636798088411
110,0.8421052631578947,0.9230769230769231,0.7741935483870968
393,0.9527696793002915,0.9305239179954442,0.97610513739546
872,0.6792079207920793,0.6634429400386848,0.6957403651115619
1469,0.9597667638483965,0.9373576309794989,0.983273596176822
277,0.970262390670554,0.9476082004555809,0.994026284348865
1095,0.9481792717086834,0.9261285909712722,0.9713055954088953
169,0.9259475218658892,0.9043280182232346,0.948626045400239
217,0.9131195335276968,0.8917995444191344,0.9354838709677419
479,0.9002915451895044,0.8792710706150342,0.9223416965352449
1053,0.9327731092436975,0.9110807113543091,0.9555236728837877
1217,0.9597667638483965,0.9373576309794989,0.983273596176822
1385,0.9481049562682216,0.9259681093394078,0.9713261648745519
148,0.958600583090379,0.9362186788154897,0.982078853046595
240,0.960932944606414,0.9384965831435079,0.984468339307049
970,0.7018050541516245,0.6883852691218131,0.7157584683357879
647,0.889795918367347,0.8690205011389521,0.9115890083632019
1559,0.8793650793650793,0.7891737891737892,0.992831541218638
145,0.7915690866510539,0.7761194029850746,0.8076463560334528
776,0.8804232804232804,0.7901234567901234,0.994026284348865
1295,0.9399416909620991,0.9179954441913439,0.9629629629629629
1301,0.9259475218658892,0.9043280182232346,0.948626045400239
1505,0.9673278879813302,0.9452679589509693,0.9904420549581839
926,0.7475218658892129,0.7300683371298405,0.7658303464755077
1521,0.9443838604143948,0.9212765957446809,0.9686800894854586
644,0.9125,0.8916030534351145,0.9344
809,0.9667638483965014,0.9441913439635535,0.9904420549581839
588,0.9061224489795918,0.8849658314350797,0.9283154121863799
702,0.9737609329446064,0.9510250569476082,0.997610513739546
1200,0.9002915451895044,0.8792710706150342,0.9223416965352449
272,0.7365823565700185,0.7192771084337349,0.7547408343868521
150,0.9467455621301775,0.9378663540445487,0.955794504181601
927,0.8023323615160349,0.7835990888382688,0.8219832735961768
433,0.9926362297496318,0.9882697947214076,0.9970414201183432
342,0.9166180758017493,0.8952164009111617,0.9390681003584229
281,0.9737609329446064,0.9510250569476082,0.997610513739546
1490,0.9154518950437318,0.8940774487471527,0.937873357228196
897,0.6309037900874636,0.6161731207289294,0.6463560334528077
993,0.6857871255576801,0.6699875466998755,0.7023498694516971
213,0.8919786096256684,0.8073572120038722,0.996415770609319
599,0.958600583090379,0.9362186788154897,0.982078853046595
550,0.8476190476190476,0.7606837606837606,0.956989247311828
1367,0.834920634920635,0.7492877492877493,0.942652329749104
206,0.9527696793002915,0.9305239179954442,0.97610513739546
540,0.9436619718309859,0.9220183486238532,0.9663461538461539
164,0.9118505545826037,0.8915525114155252,0.9330943847072879
905,0.5912930474333983,0.6481481481481481,0.5436081242532855
119,0.8276276276276276,0.8086854460093896,0.8474784747847478
598,0.9521586931155193,0.9304446978335233,0.974910394265233
181,0.9271137026239067,0.9054669703872438,0.9498207885304659
222,0.9364431486880467,0.9145785876993167,0.959378733572282
175,0.9644314868804664,0.9419134396355353,0.98805256869773
1269,0.9043173862310385,0.8836944127708096,0.9259259259259259
1160,0.9212827988338192,0.8997722095671982,0.9438470728793309
308,0.9737609329446064,0.9510250569476082,0.997610513739546
1401,0.9544924154025671,0.9327251995438997,0.977299880525687
1441,0.9247813411078717,0.9031890660592256,0.9474313022700119
1471,0.9527696793002915,0.9305239179954442,0.97610513739546
1215,0.8539682539682539,0.7663817663817664,0.96415770609319
387,0.9422066549912435,0.9201824401368301,0.965311004784689
931,0.5887728459530026,0.6489208633093525,0.5388291517323776
406,0.9673278879813302,0.9452679589509693,0.9904420549581839
1323,0.9299883313885647,0.9087799315849487,0.9522102747909199
1041,0.8824152542372882,0.7918250950570342,0.9964114832535885
137,0.5119128658951668,0.5620328849028401,0.47
538,0.9484777517564403,0.9288990825688074,0.9688995215311005
569,0.9446064139941691,0.9225512528473804,0.967741935483871
513,0.8784925276153346,0.9629629629629629,0.8076463560334528
878,0.816247582205029,0.8940677966101694,0.7508896797153025
1263,0.8961493582263711,0.8757126567844926,0.9175627240143369
300,0.9177842565597668,0.8963553530751709,0.94026284348865
1164,0.9411078717201167,0.9191343963553531,0.96415770609319
506,0.8846560846560847,0.7939221272554606,0.998805256869773
154,0.9469387755102041,0.9248291571753986,0.970131421744325
381,0.9719953325554259,0.9498289623717218,0.995221027479092
1083,0.8774603174603175,0.7870159453302962,0.9913916786226685
1550,0.7566137566137566,0.6790123456790124,0.8542413381123058
1320,0.9078179696616102,0.887115165336374,0.929510155316607
51,0.9556592765460911,0.9338654503990877,0.978494623655914
1021,0.8800521512385919,0.7894736842105263,0.9941089837997055
1368,0.928388746803069,0.9052369077306733,0.952755905511811
1327,0.8820403825717322,0.7942583732057417,0.991636798088411
88,0.9731308411214953,0.952,0.995221027479092
1298,0.892128279883382,0.8712984054669703,0.9139784946236559
1189,0.9119533527696793,0.8906605922551253,0.9342891278375149
60,0.9061224489795918,0.8849658314350797,0.9283154121863799
1279,0.882798833819242,0.8621867881548975,0.9044205495818399
544,0.9253208868144691,0.9042189281641961,0.9474313022700119
1020,0.8354564755838642,0.7502383222116301,0.9425149700598803
883,0.6214983713355049,0.6833810888252149,0.5698924731182796
196,0.9352769679300291,0.9134396355353075,0.9581839904420549
271,0.9737609329446064,0.9510250569476082,0.997610513739546
983,0.715679895901106,0.7857142857142857,0.6571087216248507
85,0.9620991253644315,0.9396355353075171,0.985663082437276
341,0.9177842565597668,0.8963553530751709,0.94026284348865
873,0.7463556851311953,0.7289293849658315,0.7646356033452808
1476,0.956268221574344,0.9339407744874715,0.9796893667861409
1379,0.9504373177842566,0.928246013667426,0.973715651135006
807,0.965597667638484,0.9430523917995444,0.989247311827957
979,0.6302083333333334,0.6924177396280401,0.5782556750298686
661,0.8554412560909583,0.7821782178217822,0.9438470728793309
1244,0.887463556851312,0.8667425968109339,0.9091995221027479
30,0.9084548104956268,0.8872437357630979,0.9307048984468339
603,0.9399416909620991,0.9179954441913439,0.9629629629629629
1273,0.8315789473684211,0.8116438356164384,0.8525179856115108
1197,0.8777130757014293,0.7880228136882129,0.9904420549581839
1299,0.879472693032015,0.8584558823529411,0.9015444015444015
323,0.9206534422403734,0.8996579247434435,0.942652329749104
1361,0.9573847051955633,0.9360730593607306,0.9796893667861409
1554,0.9737609329446064,0.9510250569476082,0.997610513739546
1064,0.9285714285714286,0.9069767441860465,0.9512195121951219
1116,0.6524926686217009,0.8444022770398482,0.5316606929510155
1417,0.9551020408163265,0.9328018223234624,0.978494623655914
95,0.878134110787172,0.857630979498861,0.899641577060932
810,0.9113475177304965,0.9017543859649123,0.921146953405018
1456,0.9119533527696793,0.8906605922551253,0.9342891278375149
1337,0.924953095684803,0.9045871559633027,0.946257197696737
12,0.8063492063492064,0.7236467236467237,0.910394265232975
1170,0.8932944606413994,0.8724373576309795,0.9151732377538829
629,0.8793650793650793,0.7891737891737892,0.992831541218638
1491,0.9189504373177843,0.89749430523918,0.9414575866188769
1003,0.8462887200467563,0.7597061909758657,0.9551451187335093
857,0.7556851311953353,0.7380410022779044,0.7741935483870968
815,0.6347490347490348,0.8303030303030303,0.51375
404,0.9737609329446064,0.9510250569476082,0.997610513739546
876,0.7475102519039251,0.7333333333333333,0.7622461170848268
298,0.8044184535412605,0.8817663817663818,0.7395459976105138
1300,0.9119533527696793,0.8906605922551253,0.9342891278375149
63,0.9737609329446064,0.9510250569476082,0.997610513739546
891,0.7641895845523698,0.7488532110091743,0.7801672640382318
767,0.9516034985422741,0.929384965831435,0.974910394265233
863,0.7029360967184801,0.6863406408094435,0.720353982300885
128,0.8687830687830688,0.7796771130104464,0.980884109916368
1329,0.8777130757014293,0.7880228136882129,0.9904420549581839
50,0.9737609329446064,0.9510250569476082,0.997610513739546
1474,0.9218203033838973,0.9007981755986317,0.9438470728793309
357,0.8938156359393232,0.8734321550741163,0.9151732377538829
435,0.9661610268378062,0.9441277080957811,0.989247311827957
1103,0.7705802968960864,0.8497023809523809,0.7049382716049383
1184,0.9224489795918367,0.9009111617312073,0.945041816009558
997,0.9690962099125364,0.9464692482915718,0.992831541218638
421,0.9334889148191365,0.9122006841505131,0.955794504181601
523,0.5107212475633528,0.5598290598290598,0.46953405017921146
903,0.5474613686534217,0.7126436781609196,0.4444444444444444
746,0.9469387755102041,0.9250398724082934,0.9698996655518395
1344,0.8798305982001059,0.7899239543726235,0.992831541218638
1101,0.9397759103641457,0.9179206566347469,0.9626972740315638
1553,0.9294460641399417,0.907744874715262,0.9522102747909199
1500,0.9183197199533255,0.8973774230330672,0.94026284348865
1452,0.9224489795918367,0.9009111617312073,0.945041816009558
920,0.7984395318595578,0.8758915834522111,0.7335722819593787
924,0.5536062378167641,0.6068376068376068,0.5089605734767025
1304,0.9057829759584145,0.8845177664974619,0.9280958721704394
1040,0.9229691876750701,0.9015047879616963,0.945480631276901
312,0.9096209912536443,0.8883826879271071,0.931899641577061
735,0.9376093294460641,0.9157175398633257,0.9605734767025089
955,0.8101430429128739,0.8887303851640513,0.7443249701314217
788,0.9481049562682216,0.9259681093394078,0.9713261648745519
1457,0.953935860058309,0.9316628701594533,0.977299880525687
1307,0.8074245939675174,0.7219917012448133,0.9157894736842105
1374,0.9317784256559767,0.9100227790432802,0.954599761051374
355,0.9060128429655575,0.8858447488584474,0.927120669056153
1048,0.9158485273492286,0.8957475994513031,0.9368723098995696
753,0.9422740524781341,0.9202733485193622,0.965352449223417
848,0.7524366471734892,0.8247863247863247,0.6917562724014337
731,0.911318553092182,0.8905359179019384,0.9330943847072879
319,0.963265306122449,0.9407744874715261,0.986857825567503
112,0.8629737609329446,0.8428246013667426,0.8841099163679809
333,0.889795918367347,0.8690205011389521,0.9115890083632019
841,0.8891481913652275,0.8688711516533637,0.910394265232975
1227,0.9066511085180864,0.8859749144811858,0.9283154121863799
1247,0.9294460641399417,0.907744874715262,0.9522102747909199
377,0.8793650793650793,0.7891737891737892,0.992831541218638
48,0.965597667638484,0.9430523917995444,0.989247311827957
1114,0.9689608636977058,0.9447368421052632,0.9944598337950139
956,0.7979207277452891,0.8746438746438746,0.7335722819593787
932,0.6016894087069525,0.6595441595441596,0.5531660692951016
1225,0.8459502382212811,0.7595057034220533,0.954599761051374
75,0.8888888888888888,0.8038647342995169,0.994026284348865
34,0.9748978400467017,0.9531963470319634,0.997610513739546
628,0.9009433962264151,0.889406286379511,0.9127837514934289
793,0.8979591836734694,0.876993166287016,0.9199522102747909
1423,0.9294460641399417,0.907744874715262,0.9522102747909199
985,0.6868421052631579,0.7642752562225475,0.6236559139784946
6,0.9209138840070299,0.8987993138936535,0.9441441441441442
777,0.9148191365227538,0.8939566704675028,0.9366786140979689
632,0.9177842565597668,0.8963553530751709,0.94026284348865
1018,0.9199298655756867,0.8984018264840182,0.9425149700598803
385,0.9737609329446064,0.9510250569476082,0.997610513739546
1253,0.9135254988913526,0.8917748917748918,0.9363636363636364
1241,0.3265993265993266,0.5527065527065527,0.23178016726403824
583,0.9037900874635568,0.8826879271070615,0.9259259259259259
1349,0.9317784256559767,0.9100227790432802,0.954599761051374
1359,0.8772486772486773,0.7872744539411206,0.9904420549581839
1055,0.9033613445378151,0.8823529411764706,0.9253945480631277
96,0.8128279883381925,0.7938496583143508,0.8327359617682198
518,0.9516034985422741,0.929384965831435,0.974910394265233
429,0.8758017492711371,0.8553530751708428,0.8972520908004779
1286,0.96875,0.9480122324159022,0.9904153354632588
1142,0.9737609329446064,0.9510250569476082,0.997610513739546
244,0.9644314868804664,0.9419134396355353,0.98805256869773
1400,0.8295662797800856,0.7445175438596491,0.9365517241379311
400,0.970262390670554,0.9476082004555809,0.994026284348865
881,0.7801749271137026,0.7619589977220956,0.7992831541218638
388,0.655425219941349,0.8481973434535104,0.5340501792114696
1120,0.9673278879813302,0.9452679589509693,0.9904420549581839
1462,0.9189504373177843,0.89749430523918,0.9414575866188769
1081,0.9474421864050455,0.9260273972602739,0.96987087517934
1173,0.5694282380396732,0.556442417331813,0.5830346475507766
397,0.8886297376093294,0.8678815489749431,0.910394265232975
1132,0.9636608344549125,0.9396325459317585,0.988950276243094
1369,0.9358226371061844,0.9144811858608894,0.9581839904420549
1000,0.638477801268499,0.573055028462998,0.720763723150358
1487,0.9492119089316988,0.928082191780822,0.9713261648745519
915,0.6436915887850467,0.6297142857142857,0.6583034647550776
508,0.7394411955815464,0.8105413105413105,0.6798088410991637
1465,0.9084548104956268,0.8872437357630979,0.9307048984468339
291,0.9714285714285714,0.94874715261959,0.995221027479092
640,0.2777777777777778,0.5079365079365079,0.1911589008363202
105,0.5135730007336757,0.6653992395437263,0.41816009557945044
1168,0.8592592592592593,0.7711301044634378,0.970131421744325
536,0.9399416909620991,0.9179954441913439,0.9629629629629629
722,0.970262390670554,0.9476082004555809,0.994026284348865
318,0.956268221574344,0.9339407744874715,0.9796893667861409
86,0.9299883313885647,0.9087799315849487,0.9522102747909199
811,0.9714285714285714,0.94874715261959,0.995221027479092
183,0.9400705052878966,0.9248554913294798,0.955794504181601
813,0.9737609329446064,0.9510250569476082,0.997610513739546
741,0.9620991253644315,0.9396355353075171,0.985663082437276
49,0.9457725947521866,0.9236902050113895,0.9689366786140979
1551,0.9411078717201167,0.9191343963553531,0.96415770609319
586,0.9527696793002915,0.9305239179954442,0.97610513739546
1045,0.9257703081232493,0.9042407660738714,0.9483500717360115
814,0.8401400233372228,0.8209806157354618,0.8602150537634409
1193,0.6569428238039673,0.6419612314709237,0.6726403823178017
1032,0.8879551820728291,0.8673050615595075,0.9096126255380201
431,0.9445417396380619,0.9235159817351598,0.966547192353644
517,0.889795918367347,0.8690205011389521,0.9115890083632019
1231,0.9329446064139941,0.9111617312072893,0.955794504181601
855,0.7394411955815464,0.8105413105413105,0.6798088410991637
1246,0.9375,0.9151785714285714,0.9609375
1222,0.9317784256559767,0.9100227790432802,0.954599761051374
1570,0.8761904761904762,0.7863247863247863,0.989247311827957
541,0.8814814814814815,0.7910731244064577,0.995221027479092
19,0.8105820105820106,0.7274453941120608,0.9151732377538829
140,0.18149882903981265,0.17795637198622274,0.18518518518518517
1433,0.9591598599766628,0.9372862029646523,0.982078853046595
491,0.3915343915343915,0.3513770180436847,0.44205495818399043
694,0.8740740740740741,0.7824933687002652,0.9899328859060402
800,0.8932944606413994,0.8724373576309795,0.9151732377538829
749,0.6137566137566137,0.5508072174738842,0.6929510155316607
1424,0.9084548104956268,0.8872437357630979,0.9307048984468339
1138,0.9585522475189726,0.9372146118721462,0.980884109916368
944,0.5533854166666666,0.6080114449213162,0.5077658303464755
581,0.8787718369507675,0.7889733840304183,0.991636798088411
1011,0.8812698412698413,0.7904328018223234,0.9956958393113343
1346,0.8634920634920635,0.7749287749287749,0.974910394265233
1523,0.9661941112322792,0.9425531914893617,0.9910514541387024
216,0.887463556851312,0.8667425968109339,0.9091995221027479
1509,0.9189504373177843,0.89749430523918,0.9414575866188769
379,0.967930029154519,0.9453302961275627,0.991636798088411
1264,0.882798833819242,0.8621867881548975,0.9044205495818399
80,0.9737609329446064,0.9510250569476082,0.997610513739546
566,0.9166180758017493,0.8952164009111617,0.9390681003584229
1316,0.9323308270676691,0.9090909090909091,0.9567901234567902
756,0.8364213869772367,0.7509505703422054,0.9438470728793309
1052,0.8787301587301587,0.7881548974943052,0.9928263988522238
495,0.9119533527696793,0.8906605922551253,0.9342891278375149
375,0.8828828828828829,0.7933333333333333,0.995221027479092
761,0.8808893594494441,0.7908745247148289,0.994026284348865
1261,0.8967930029154519,0.8758542141230068,0.918757467144564
1096,0.8787301587301587,0.7881548974943052,0.9928263988522238
364,0.8673290473407365,0.8489702517162472,0.8864994026284349
1280,0.9119533527696793,0.8906605922551253,0.9342891278375149
880,0.6714378659726741,0.7371428571428571,0.6164874551971327
902,0.5799739921976593,0.6362339514978602,0.5328554360812425
604,0.9236151603498542,0.9020501138952164,0.946236559139785
828,0.9154518950437318,0.8940774487471527,0.937873357228196
1440,0.8814814814814815,0.7910731244064577,0.995221027479092
653,0.8853503184713376,0.7965616045845272,0.996415770609319
327,0.882798833819242,0.8621867881548975,0.9044205495818399
325,0.972594752186589,0.9498861047835991,0.996415770609319
720,0.9579929988331388,0.936145952109464,0.980884109916368
1080,0.811470408785845,0.7945041816009558,0.8291770573566085
916,0.6402081977878985,0.7028571428571428,0.5878136200716846
1201,0.8886297376093294,0.8678815489749431,0.910394265232975
1442,0.9271137026239067,0.9054669703872438,0.9498207885304659
1355,0.8932944606413994,0.8724373576309795,0.9151732377538829
1271,0.8909620991253644,0.8701594533029613,0.9127837514934289
597,0.9422740524781341,0.9202733485193622,0.965352449223417
332,0.8932944606413994,0.8724373576309795,0.9151732377538829
846,0.6196769456681351,0.8038095238095239,0.5041816009557945
89,0.956268221574344,0.9339407744874715,0.9796893667861409
1063,0.88,0.7892938496583144,0.994261119081779
465,0.9474912485414235,0.9258836944127709,0.970131421744325
726,0.9516034985422741,0.929384965831435,0.974910394265233
1418,0.958600583090379,0.9362186788154897,0.982078853046595
680,0.8909620991253644,0.8701594533029613,0.9127837514934289
695,0.9399416909620991,0.9179954441913439,0.9629629629629629
532,0.9372434017595308,0.9152348224513173,0.9603365384615384
1169,0.878134110787172,0.857630979498861,0.899641577060932
718,0.9667638483965014,0.9441913439635535,0.9904420549581839
820,0.970828471411902,0.9486887115165337,0.994026284348865
215,0.9574344023323615,0.9350797266514806,0.980884109916368
186,0.9737609329446064,0.9510250569476082,0.997610513739546
1213,0.7214076246334311,0.9335863377609108,0.5878136200716846
561,0.9387755102040817,0.9168564920273349,0.961768219832736
348,0.8559766763848397,0.835990888382688,0.8769414575866189
703,0.8793650793650793,0.7891737891737892,0.992831541218638
752,0.8152461619904712,0.7319391634980988,0.9199522102747909
760,0.8051470588235294,0.7239669421487603,0.906832298136646
214,0.5058201058201058,0.4539411206077873,0.5710872162485066
925,0.5719869706840391,0.6289398280802292,0.5244922341696535
507,0.9411078717201167,0.9191343963553531,0.96415770609319
365,0.9714285714285714,0.94874715261959,0.995221027479092
317,0.9457725947521866,0.9236902050113895,0.9689366786140979
837,0.9341107871720117,0.9123006833712984,0.956989247311828
197,0.9504373177842566,0.928246013667426,0.973715651135006
1027,0.843236409608091,0.8234567901234567,0.8639896373056994
707,0.8761904761904762,0.7863247863247863,0.989247311827957
1421,0.8772486772486773,0.7872744539411206,0.9904420549581839
1122,0.9737609329446064,0.9510250569476082,0.997610513739546
1284,0.8814814814814815,0.7910731244064577,0.995221027479092
738,0.9224489795918367,0.9009111617312073,0.945041816009558
982,0.8690476190476191,0.8488372093023255,0.8902439024390244
268,0.9364431486880467,0.9145785876993167,0.959378733572282
843,0.7032069970845481,0.6867881548974943,0.7204301075268817
1119,0.9690962099125364,0.9464692482915718,0.992831541218638
1321,0.953935860058309,0.9316628701594533,0.977299880525687
888,0.7290448343079922,0.7991452991452992,0.6702508960573477
440,0.9481049562682216,0.9259681093394078,0.9713261648745519
575,0.9317784256559767,0.9100227790432802,0.954599761051374
895,0.636245110821382,0.7001434720229556,0.5830346475507766
1451,0.8761904761904762,0.7863247863247863,0.989247311827957
1234,0.6955645161290323,0.6238698010849909,0.785876993166287
709,0.9737609329446064,0.9510250569476082,0.997610513739546
641,0.9422740524781341,0.9202733485193622,0.965352449223417
935,0.804436660828955,0.7865296803652968,0.8231780167264038
481,0.8816326530612245,0.8610478359908884,0.9032258064516129
1147,0.9469387755102041,0.9248291571753986,0.970131421744325
285,0.9743290548424738,0.9521094640820981,0.997610513739546
607,0.9107871720116618,0.8895216400911162,0.9330943847072879
97,0.885131195335277,0.8644646924829157,0.9068100358422939
1090,0.8805590851334181,0.790193842645382,0.994261119081779
546,0.9253208868144691,0.9042189281641961,0.9474313022700119
1477,0.9376093294460641,0.9157175398633257,0.9605734767025089
16,0.9737609329446064,0.9510250569476082,0.997610513739546
11,0.9649941656942824,0.942987457240593,0.98805256869773
1008,0.7898412698412698,0.7084282460136674,0.8923959827833573
334,0.9072886297376094,0.8861047835990888,0.929510155316607
1459,0.9171528588098017,0.8962371721778791,0.9390681003584229
850,0.7626822157434402,0.744874715261959,0.7813620071684588
82,0.965597667638484,0.9430523917995444,0.989247311827957
786,0.9690962099125364,0.9464692482915718,0.992831541218638
1029,0.7444314185228605,0.7290470723306545,0.7604790419161677
1296,0.9107871720116618,0.8895216400911162,0.9330943847072879
37,0.8826340945300053,0.7944550669216062,0.992831541218638
716,0.967930029154519,0.9453302961275627,0.991636798088411
1285,0.9002915451895044,0.8792710706150342,0.9223416965352449
971,0.5026455026455027,0.45109211775878444,0.5675029868578255
957,0.7953216374269005,0.8717948717948718,0.7311827956989247
301,0.9714285714285714,0.94874715261959,0.995221027479092
1153,0.9737609329446064,0.9510250569476082,0.997610513739546
1467,0.6459356246590289,0.5943775100401606,0.7072879330943848
410,0.7654843832715723,0.6872623574144486,0.8637992831541219
509,0.9218203033838973,0.9007981755986317,0.9438470728793309
363,0.9737609329446064,0.9510250569476082,0.997610513739546
328,0.8793002915451895,0.8587699316628702,0.9008363201911589
395,0.8991253644314868,0.878132118451025,0.921146953405018
918,0.5601039636127355,0.613960113960114,0.5149342891278376
637,0.8568075117370892,0.8419838523644751,0.8721624850657109
802,0.9603267211201867,0.9384264538198404,0.983273596176822
1458,0.9714285714285714,0.94874715261959,0.995221027479092
762,0.963265306122449,0.9407744874715261,0.986857825567503
198,0.8839650145772595,0.8633257403189066,0.9056152927120669
560,0.9166180758017493,0.8952164009111617,0.9390681003584229
1389,0.9567757009345794,0.936,0.978494623655914
326,0.9165207238762405,0.8961187214611872,0.937873357228196
340,0.9346557759626605,0.9133409350057012,0.956989247311828
635,0.5008008542445275,0.4527027027027027,0.5603345280764636
819,0.9737609329446064,0.9510250569476082,0.997610513739546
755,0.8772486772486773,0.7872744539411206,0.9904420549581839
1030,0.8767268862911796,0.7879656160458453,0.9880239520958084
178,0.963265306122449,0.9407744874715261,0.986857825567503
493,0.8476190476190476,0.7606837606837606,0.956989247311828
1121,0.967930029154519,0.9453302961275627,0.991636798088411
228,0.8991253644314868,0.878132118451025,0.921146953405018
226,0.853361566966649,0.7661596958174905,0.9629629629629629
1191,0.6954545454545454,0.7611940298507462,0.6401673640167364
254,0.9271137026239067,0.9054669703872438,0.9498207885304659
1211,0.9264705882352942,0.9036885245901639,0.9504310344827587
1461,0.9451575262543758,0.9236031927023945,0.967741935483871
825,0.8793650793650793,0.7891737891737892,0.992831541218638
1232,0.8775,0.8560975609756097,0.9
1434,0.9469387755102041,0.9248291571753986,0.970131421744325
1544,0.956268221574344,0.9339407744874715,0.9796893667861409
415,0.9154518950437318,0.8940774487471527,0.937873357228196
759,0.9364431486880467,0.9145785876993167,0.959378733572282
887,0.6736429038587312,0.7442196531791907,0.6152927120669056
1123,0.9742895805142084,0.9498680738786279,1.0
1236,0.960932944606414,0.9384965831435079,0.984468339307049
2,0.960932944606414,0.9384965831435079,0.984468339307049
452,0.9466840052015605,0.9479166666666666,0.9454545454545454
714,0.9469387755102041,0.9248291571753986,0.970131421744325
1078,0.9495798319327731,0.9274965800273598,0.9727403156384505
792,0.9446064139941691,0.9225512528473804,0.967741935483871
919,0.8239116309291747,0.9031339031339032,0.7574671445639187
977,0.8135152696556205,0.8917378917378918,0.7479091995221028
1013,0.8774603174603175,0.7870159453302962,0.9913916786226685
1133,0.9673278879813302,0.9452679589509693,0.9904420549581839
492,0.9509918319719953,0.9293044469783353,0.973715651135006
448,0.9061224489795918,0.8849658314350797,0.9283154121863799
483,0.8793650793650793,0.7891737891737892,0.992831541218638
1091,0.8317460317460318,0.7460136674259681,0.93974175035868
790,0.8571428571428571,0.7692307692307693,0.967741935483871
845,0.7823261858349577,0.8575498575498576,0.7192353643966547
578,0.9212827988338192,0.8997722095671982,0.9438470728793309
1530,0.9400705052878966,0.9174311926605505,0.963855421686747
177,0.9311551925320887,0.9099201824401368,0.953405017921147
856,0.46006389776357826,0.414985590778098,0.5161290322580645
994,0.9551020408163265,0.9328018223234624,0.978494623655914
689,0.8882950293960449,0.8028985507246377,0.9940191387559809
987,0.7654320987654321,0.8390313390313391,0.7037037037037037
4,0.910904255319149,0.8896103896103896,0.9332425068119891
322,0.8909620991253644,0.8701594533029613,0.9127837514934289
528,0.8814814814814815,0.7910731244064577,0.995221027479092
868,0.7111984282907662,0.7869565217391304,0.6487455197132617
616,0.7563352826510721,0.8290598290598291,0.6953405017921147
172,0.9189504373177843,0.89749430523918,0.9414575866188769
1371,0.9189504373177843,0.89749430523918,0.9414575866188769
1317,0.9014577259475218,0.8804100227790432,0.9235364396654719
1152,0.9434402332361516,0.9214123006833713,0.966547192353644
1358,0.880466472303207,0.8599088838268792,0.9020310633213859
1309,0.9247813411078717,0.9031890660592256,0.9474313022700119
600,0.9317784256559767,0.9100227790432802,0.954599761051374
791,0.8862973760932945,0.8656036446469249,0.9080047789725209
1555,0.9236151603498542,0.9020501138952164,0.946236559139785
1155,0.9446064139941691,0.9225512528473804,0.967741935483871
1016,0.8049065420560748,0.7865296803652968,0.8241626794258373
1291,0.9294460641399417,0.907744874715262,0.9522102747909199
1574,0.9399416909620991,0.9179954441913439,0.9629629629629629
590,0.9516034985422741,0.929384965831435,0.974910394265233
531,0.725925925925926,0.6514719848053181,0.8195937873357229
822,0.9492711370262391,0.9271070615034168,0.972520908004779
549,0.5862433862433862,0.5261158594491928,0.6618876941457587
659,0.8766828217555197,0.7980392156862746,0.972520908004779
1,0.8466472303206997,0.826879271070615,0.8673835125448028
44,0.8822905620360552,0.7931363203050524,0.994026284348865
1386,0.8984830805134189,0.8779931584948689,0.9199522102747909
484,0.9241540256709452,0.9030786773090079,0.946236559139785
923,0.8011661807580175,0.7824601366742597,0.8207885304659498
928,0.6263807667316439,0.6866096866096866,0.5758661887694145
13,0.9551020408163265,0.9328018223234624,0.978494623655914
366,0.6810495626822157,0.6651480637813212,0.6977299880525687
1305,0.9119533527696793,0.8906605922551253,0.9342891278375149
978,0.6017222820236814,0.5475024485798237,0.6678614097968937
124,0.8956268221574344,0.8747152619589977,0.9175627240143369
712,0.9037900874635568,0.8826879271070615,0.9259259259259259
1148,0.9492711370262391,0.9271070615034168,0.972520908004779
1256,0.8698412698412699,0.7806267806267806,0.982078853046595
758,0.953935860058309,0.9316628701594533,0.977299880525687
1519,0.8949671772428884,0.8739316239316239,0.9170403587443946
805,0.9282798833819242,0.9066059225512528,0.951015531660693
490,0.9189504373177843,0.89749430523918,0.9414575866188769
1249,0.9561659848042081,0.9359267734553776,0.977299880525687
163,0.7470899470899471,0.6704653371320038,0.8434886499402628
1397,0.9504373177842566,0.928246013667426,0.973715651135006
1172,0.9434402332361516,0.9214123006833713,0.966547192353644
1314,0.8798305982001059,0.7899239543726235,0.992831541218638
245,0.9352769679300291,0.9134396355353075,0.9581839904420549
1515,0.9683751363140676,0.9446808510638298,0.9932885906040269
299,0.7544973544973544,0.6771130104463438,0.8518518518518519
1560,0.8967930029154519,0.8758542141230068,0.918757467144564
623,0.9036608863198459,0.881578947368421,0.9268774703557312
304,0.8793002915451895,0.8587699316628702,0.9008363201911589
1543,0.8131286394917946,0.7300380228136882,0.9175627240143369
1415,0.9434402332361516,0.9214123006833713,0.966547192353644
1390,0.9334889148191365,0.9122006841505131,0.955794504181601
1097,0.7842655193607867,0.765906362545018,0.8035264483627204
552,0.8886297376093294,0.8678815489749431,0.910394265232975
261,0.7694103911266783,0.7514253135689852,0.7882775119617225
879,0.7393586005830903,0.7220956719817767,0.7574671445639187
1357,0.9551020408163265,0.9328018223234624,0.978494623655914
1099,0.927170868347339,0.905608755129959,0.9497847919655668
1139,0.9486581096849475,0.927023945267959,0.9713261648745519
180,0.5042643923240938,0.4552454282964389,0.5651135005973715
302,0.965597667638484,0.9430523917995444,0.989247311827957
1186,0.8740740740740741,0.7844254510921178,0.986857825567503
210,0.8688046647230321,0.8485193621867881,0.8900836320191159
1243,0.9072886297376094,0.8861047835990888,0.929510155316607
1529,0.9165687426556992,0.8944954128440367,0.9397590361445783
608,0.9329446064139941,0.9111617312072893,0.955794504181601
247,0.9488536155202821,0.9265212399540758,0.9722891566265061
311,0.9072886297376094,0.8861047835990888,0.929510155316607
1159,0.9084548104956268,0.8872437357630979,0.9307048984468339
59,0.9714285714285714,0.94874715261959,0.995221027479092
684,0.887463556851312,0.8667425968109339,0.9091995221027479
537,0.9302052785923753,0.9083619702176403,0.953125
1517,0.9661941112322792,0.9425531914893617,0.9910514541387024
1479,0.963265306122449,0.9407744874715261,0.986857825567503
90,0.967930029154519,0.9453302961275627,0.991636798088411
816,0.8819481206987825,0.7918250950570342,0.995221027479092
933,0.7399219765929779,0.81169757489301,0.6798088410991637
665,0.9154518950437318,0.8940774487471527,0.937873357228196
424,0.9294460641399417,0.907744874715262,0.9522102747909199
313,0.9166180758017493,0.8952164009111617,0.9390681003584229
358,0.9352769679300291,0.9134396355353075,0.9581839904420549
151,0.9352769679300291,0.9134396355353075,0.9581839904420549
679,0.8901918976545842,0.8036573628488932,0.997610513739546
262,0.9066511085180864,0.8859749144811858,0.9283154121863799
470,0.9638273045507585,0.9418472063854048,0.986857825567503
884,0.6471838469713072,0.5827751196172248,0.7275985663082437
893,0.6728862973760933,0.6571753986332574,0.6893667861409797
1067,0.8736776602364654,0.8529769137302552,0.8954081632653061
963,0.580896686159844,0.6367521367521367,0.5340501792114696
775,0.8907922912205567,0.8069835111542192,0.994026284348865
1288,0.9026239067055394,0.8815489749430524,0.9247311827956989
1533,0.8827292110874201,0.7915869980879541,0.9975903614457832
208,0.9206534422403734,0.8996579247434435,0.942652329749104
1552,0.9743290548424738,0.9521094640820981,0.997610513739546
72,0.9469387755102041,0.9248291571753986,0.970131421744325
662,0.8665254237288136,0.7783063748810657,0.977299880525687
1425,0.4126984126984127,0.37037037037037035,0.4659498207885305
996,0.9748978400467017,0.9531963470319634,0.997610513739546
246,0.9382716049382716,0.9161882893226176,0.9614457831325302
519,0.941656942823804,0.9201824401368301,0.96415770609319
781,0.41414141414141414,0.7008547008547008,0.2939068100358423
1294,0.9008168028004667,0.8802736602052451,0.9223416965352449
995,0.873015873015873,0.7834757834757835,0.985663082437276
1328,0.395227442207308,0.5257936507936508,0.31660692951015534
666,0.873015873015873,0.7834757834757835,0.985663082437276
1342,0.9579929988331388,0.936145952109464,0.980884109916368
194,0.9189504373177843,0.89749430523918,0.9414575866188769
530,0.9241540256709452,0.9030786773090079,0.946236559139785
235,0.9509918319719953,0.9293044469783353,0.973715651135006
497,0.9422740524781341,0.9202733485193622,0.965352449223417
1435,0.8772486772486773,0.7872744539411206,0.9904420549581839
360,0.967930029154519,0.9453302961275627,0.991636798088411
1150,0.9342465753424658,0.9117647058823529,0.9578651685393258
353,0.8956268221574344,0.8747152619589977,0.9175627240143369
525,0.9037900874635568,0.8826879271070615,0.9259259259259259
369,0.9679446888749215,0.9459459459459459,0.990990990990991
681,0.8635394456289979,0.7795957651588066,0.967741935483871
1105,0.8896713615023474,0.8732718894009217,0.9066985645933014
1034,0.851581508515815,0.8323424494649228,0.8717310087173101
134,0.958600583090379,0.9362186788154897,0.982078853046595
1449,0.9376093294460641,0.9157175398633257,0.9605734767025089
159,0.9329446064139941,0.9111617312072893,0.955794504181601
1180,0.9084548104956268,0.8872437357630979,0.9307048984468339
52,0.9714285714285714,0.94874715261959,0.995221027479092
27,0.9212827988338192,0.8997722095671982,0.9438470728793309
683,0.8627659574468085,0.7775647171620326,0.9689366786140979
234,0.9253380364491476,0.9035591274397244,0.9481927710843373
219,0.9551020408163265,0.9328018223234624,0.978494623655914
676,0.782010582010582,0.7018043684710351,0.8829151732377539
1117,0.9317784256559767,0.9100227790432802,0.954599761051374
733,0.9096209912536443,0.8883826879271071,0.931899641577061
909,0.783625730994152,0.8589743589743589,0.7204301075268817
852,0.6530612244897959,0.6378132118451025,0.6690561529271206
1025,0.8454661558109834,0.8254364089775561,0.8664921465968587
1414,0.963265306122449,0.9407744874715261,0.986857825567503
789,0.8814814814814815,0.7910731244064577,0.995221027479092
1259,0.9434402332361516,0.9214123006833713,0.966547192353644
1489,0.9271137026239067,0.9054669703872438,0.9498207885304659
521,0.9551020408163265,0.9328018223234624,0.978494623655914
249,0.9579929988331388,0.936145952109464,0.980884109916368
1005,0.9568576947842885,0.9345911949685535,0.9802110817941952
1573,0.9084548104956268,0.8872437357630979,0.9307048984468339
1185,0.9714285714285714,0.94874715261959,0.995221027479092
1438,0.8772486772486773,0.7872744539411206,0.9904420549581839
1540,0.900117508813161,0.8784403669724771,0.9228915662650602
121,0.8664723032069971,0.8462414578587699,0.8876941457586619
1392,0.8825396825396825,0.792022792022792,0.996415770609319
1276,0.9715447154471545,0.9484126984126984,0.9958333333333333
1179,0.6857142857142857,0.6153846153846154,0.7741935483870968
203,0.9492711370262391,0.9271070615034168,0.972520908004779
399,0.8835978835978836,0.7929724596391263,0.997610513739546
1166,0.7304347826086957,0.7138810198300283,0.7477744807121661
1525,0.9426900584795321,0.9200913242009132,0.9664268585131894
255,0.776071995764955,0.6967680608365019,0.8757467144563919
46,0.9154518950437318,0.8940774487471527,0.937873357228196
1281,0.8501457725947522,0.8302961275626424,0.8709677419354839
1380,0.9411078717201167,0.9191343963553531,0.96415770609319
1366,0.9422740524781341,0.9202733485193622,0.965352449223417
817,0.9434402332361516,0.9214123006833713,0.966547192353644
1065,0.9264190609670637,0.9054794520547945,0.9483500717360115
1195,0.8771186440677966,0.7878211227402474,0.989247311827957
1229,0.9061224489795918,0.8849658314350797,0.9283154121863799
671,0.8076535750251762,0.8150406504065041,0.8003992015968064
1161,0.8826291079812206,0.8673587081891581,0.8984468339307049
282,0.9714285714285714,0.94874715261959,0.995221027479092
743,0.9329446064139941,0.9111617312072893,0.955794504181601
772,0.9364431486880467,0.9145785876993167,0.959378733572282
1087,0.8007246376811594,0.7818396226415094,0.8205445544554455
526,0.8201058201058201,0.7359924026590693,0.9259259259259259
974,0.640625,0.703862660944206,0.5878136200716846
149,0.7735449735449735,0.6942070275403609,0.8733572281959379
559,0.6761904761904762,0.6068376068376068,0.7634408602150538
135,0.8624338624338624,0.7739791073124407,0.973715651135006
1365,0.9317784256559767,0.9100227790432802,0.954599761051374
1504,0.9411078717201167,0.9191343963553531,0.96415770609319
1072,0.8851540616246498,0.8645690834473324,0.9067431850789096
535,0.4522417153996101,0.49572649572649574,0.4157706093189964
719,0.9509918319719953,0.9293044469783353,0.973715651135006
798,0.960932944606414,0.9384965831435079,0.984468339307049
829,0.970262390670554,0.9476082004555809,0.994026284348865
324,0.9714285714285714,0.94874715261959,0.995221027479092
869,0.5961820851688693,0.7733333333333333,0.4850657108721625
859,0.46774193548387094,0.6053130929791272,0.3811230585424134
1538,0.8484136310223267,0.8279816513761468,0.8698795180722891
1270,0.9364431486880467,0.9145785876993167,0.959378733572282
438,0.9107871720116618,0.8895216400911162,0.9330943847072879
380,0.819047619047619,0.7350427350427351,0.9247311827956989
1181,0.8825,0.8609756097560975,0.9051282051282051
458,0.953935860058309,0.9316628701594533,0.977299880525687
1481,0.9352769679300291,0.9134396355353075,0.9581839904420549
1315,0.9411078717201167,0.9191343963553531,0.96415770609319
501,0.9644314868804664,0.9419134396355353,0.98805256869773
990,0.7140762463343109,0.9240986717267552,0.5818399044205496
414,0.9620991253644315,0.9396355353075171,0.985663082437276
1347,0.8804232804232804,0.7901234567901234,0.994026284348865
797,0.9381563593932322,0.9167616875712656,0.9605734767025089
1023,0.745575221238938,0.6686507936507936,0.8425
1165,0.9142857142857143,0.8929384965831435,0.9366786140979689
189,0.9486581096849475,0.927023945267959,0.9713261648745519
267,0.8443148688046648,0.8246013667425968,0.8649940262843488
572,0.9399416909620991,0.9179954441913439,0.9629629629629629
962,0.6363636363636364,0.8235294117647058,0.5185185185185185
1512,0.9574344023323615,0.9350797266514806,0.980884109916368
945,0.6989498249708285,0.6830102622576967,0.7156511350059738
975,0.7615334632878492,0.8347578347578347,0.7001194743130227
351,0.9714285714285714,0.94874715261959,0.995221027479092
844,0.6451612903225806,0.8349146110056926,0.5256869772998806
1565,0.956268221574344,0.9339407744874715,0.9796893667861409
1518,0.9572836801752465,0.9357601713062098,0.9798206278026906
579,0.9282798833819242,0.9066059225512528,0.951015531660693
349,0.9551020408163265,0.9328018223234624,0.978494623655914
1073,0.9397759103641457,0.9179206566347469,0.9626972740315638
289,0.8979591836734694,0.876993166287016,0.9199522102747909
704,0.9527696793002915,0.9305239179954442,0.97610513739546
1419,0.8886297376093294,0.8678815489749431,0.910394265232975
55,0.9535864978902954,0.9313186813186813,0.9769452449567724
907,0.6504599211563732,0.7226277372262774,0.5913978494623656
371,0.9195979899497487,0.898159509202454,0.9420849420849421
70,0.9743290548424738,0.9521094640820981,0.997610513739546
739,0.960932944606414,0.9384965831435079,0.984468339307049
510,0.9259475218658892,0.9043280182232346,0.948626045400239
141,0.8740740740740741,0.7844254510921178,0.986857825567503
1502,0.9341107871720117,0.9123006833712984,0.956989247311828
1513,0.969661610268378,0.9475484606613455,0.992831541218638
1056,0.858213616489694,0.8378048780487805,0.8796414852752881
1563,0.963265306122449,0.9407744874715261,0.986857825567503
1478,0.967930029154519,0.9453302961275627,0.991636798088411
454,0.9469387755102041,0.9248291571753986,0.970131421744325
359,0.9142857142857143,0.8929384965831435,0.9366786140979689
686,0.7253644314868805,0.7084282460136674,0.7431302270011948
594,0.8253968253968254,0.7407407407407407,0.931899641577061
1561,0.967930029154519,0.9453302961275627,0.991636798088411
394,0.9585522475189726,0.9372146118721462,0.980884109916368
402,0.953935860058309,0.9316628701594533,0.977299880525687
29,0.8798305982001059,0.7899239543726235,0.992831541218638
1404,0.9061224489795918,0.8849658314350797,0.9283154121863799
1492,0.9259475218658892,0.9043280182232346,0.948626045400239
56,0.972594752186589,0.9498861047835991,0.996415770609319
1566,0.9737609329446064,0.9510250569476082,0.997610513739546
675,0.9189504373177843,0.89749430523918,0.9414575866188769
425,0.9271137026239067,0.9054669703872438,0.9498207885304659
74,0.8772486772486773,0.7872744539411206,0.9904420549581839
1145,0.956268221574344,0.9339407744874715,0.9796893667861409
459,0.9428238039673279,0.9213226909920182,0.965352449223417
87,0.8787718369507675,0.7889733840304183,0.991636798088411
630,0.5521292217327459,0.714828897338403,0.44976076555023925
954,0.5225703664365374,0.47036328871892924,0.5878136200716846
502,0.9282798833819242,0.9066059225512528,0.951015531660693
1177,0.8751322751322751,0.785375118708452,0.98805256869773
742,0.9224489795918367,0.9009111617312073,0.945041816009558
1039,0.7765395894428152,0.7583046964490263,0.7956730769230769
1498,0.9376093294460641,0.9157175398633257,0.9605734767025089
794,0.9241540256709452,0.9030786773090079,0.946236559139785
1324,0.9294460641399417,0.907744874715262,0.9522102747909199
1439,0.9107871720116618,0.8895216400911162,0.9330943847072879
376,0.8813559322033898,0.7916270218839201,0.994026284348865
259,0.894460641399417,0.8735763097949886,0.9163679808841099
120,0.8618075801749271,0.8416856492027335,0.8829151732377539
367,0.9189504373177843,0.89749430523918,0.9414575866188769
243,0.958600583090379,0.9362186788154897,0.982078853046595
232,0.7862433862433862,0.7056030389363722,0.8876941457586619
123,0.46997084548104956,0.45899772209567197,0.48148148148148145
107,0.7117761873780091,0.7814285714285715,0.6535244922341696
445,0.897316219369895,0.8768529076396807,0.918757467144564
1251,0.9446064139941691,0.9225512528473804,0.967741935483871
8,0.698782424563261,0.6273764258555133,0.7885304659498208
384,0.9481049562682216,0.9259681093394078,0.9713261648745519
959,0.7979207277452891,0.8746438746438746,0.7335722819593787
799,0.9072886297376094,0.8861047835990888,0.929510155316607
238,0.9177842565597668,0.8963553530751709,0.94026284348865
98,0.889795918367347,0.8690205011389521,0.9115890083632019
139,0.9222614840989399,0.9094076655052264,0.9354838709677419
1387,0.9217264081931237,0.9,0.9445277361319341
1204,0.9352769679300291,0.9134396355353075,0.9581839904420549
1024,0.8857743517869656,0.8657534246575342,0.9067431850789096
824,0.8698412698412699,0.7806267806267806,0.982078853046595
306,0.9737609329446064,0.9510250569476082,0.997610513739546
1240,0.8740740740740741,0.7844254510921178,0.986857825567503
1539,0.8451443569553806,0.9279538904899135,0.7759036144578313
1242,0.9422740524781341,0.9202733485193622,0.965352449223417
253,0.8261376896149358,0.8072976054732041,0.8458781362007168
160,0.9422740524781341,0.9202733485193622,0.965352449223417
723,0.9469387755102041,0.9248291571753986,0.970131421744325
1031,0.8011661807580175,0.7824601366742597,0.8207885304659498
527,0.956268221574344,0.9339407744874715,0.9796893667861409
912,0.6879063719115734,0.7546362339514978,0.6320191158900836
543,0.9154518950437318,0.8940774487471527,0.937873357228196
865,0.6262390670553936,0.6116173120728929,0.6415770609318996
657,0.8907922912205567,0.8069835111542192,0.994026284348865
463,0.956268221574344,0.9339407744874715,0.9796893667861409
643,0.9061224489795918,0.8849658314350797,0.9283154121863799
838,0.967930029154519,0.9453302961275627,0.991636798088411
1047,0.8690058479532163,0.8491428571428571,0.8898203592814371
1028,0.8804407713498622,0.7903066271018794,0.9937810945273632
1383,0.9334889148191365,0.9122006841505131,0.955794504181601
158,0.9492711370262391,0.9271070615034168,0.972520908004779
601,0.9154518950437318,0.8940774487471527,0.937873357228196
412,0.9422740524781341,0.9202733485193622,0.965352449223417
938,0.7479579929988331,0.7309007981755986,0.7658303464755077
1531,0.9317647058823529,0.9103448275862069,0.9542168674698795
1218,0.9189504373177843,0.89749430523918,0.9414575866188769
33,0.9492711370262391,0.9271070615034168,0.972520908004779
967,0.6228868660598179,0.6833095577746077,0.5722819593787336
953,0.6649020645844362,0.596958174904943,0.7502986857825568
256,0.9347037484885127,0.9126328217237308,0.9578686493184635
205,0.9341107871720117,0.9123006833712984,0.956989247311828
1015,0.8571428571428571,0.9410898379970545,0.7869458128078818
350,0.9714285714285714,0.94874715261959,0.995221027479092
871,0.5539358600583091,0.541002277904328,0.5675029868578255
727,0.958600583090379,0.9362186788154897,0.982078853046595
941,0.6545454545454545,0.6428571428571429,0.6666666666666666
654,0.7314225053078556,0.6580706781279847,0.8231780167264038
17,0.7263157894736842,0.7084188911704312,0.7451403887688985
77,0.8956268221574344,0.8747152619589977,0.9175627240143369
1049,0.9074333800841514,0.887517146776406,0.9282639885222381
1009,0.6724832214765101,0.6028880866425993,0.7602427921092565
591,0.7851851851851852,0.704653371320038,0.8864994026284349
1277,0.9236151603498542,0.9020501138952164,0.946236559139785
1311,0.9276546091015169,0.9064994298745724,0.9498207885304659
1163,0.870899470899471,0.7815764482431149,0.983273596176822
710,0.9154518950437318,0.8940774487471527,0.937873357228196
1341,0.9620991253644315,0.9396355353075171,0.985663082437276
1495,0.9446064139941691,0.9225512528473804,0.967741935483871
1233,0.9525291828793774,0.9300911854103343,0.9760765550239234
631,0.892128279883382,0.8712984054669703,0.9139784946236559
1106,0.8917987594762233,0.9773413897280967,0.8200253485424588
562,0.9276546091015169,0.9064994298745724,0.9498207885304659
611,0.8240794856808884,0.8066361556064073,0.8422939068100358
821,0.958600583090379,0.9362186788154897,0.982078853046595
58,0.9259475218658892,0.9043280182232346,0.948626045400239
1254,0.9154518950437318,0.8940774487471527,0.937873357228196
1017,0.9257703081232493,0.9042407660738714,0.9483500717360115
728,0.9644314868804664,0.9419134396355353,0.98805256869773
636,0.41119063109954457,0.4507845934379458,0.37799043062200954
1408,0.7638483965014577,0.7460136674259681,0.7825567502986858
347,0.9725627553998832,0.9509132420091324,0.995221027479092
1129,0.963265306122449,0.9407744874715261,0.986857825567503
1473,0.9399416909620991,0.9179954441913439,0.9629629629629629
290,0.9714285714285714,0.94874715261959,0.995221027479092
416,0.9037900874635568,0.8826879271070615,0.9259259259259259
28,0.9457725947521866,0.9236902050113895,0.9689366786140979
287,0.9189504373177843,0.89749430523918,0.9414575866188769
1499,0.9306122448979591,0.908883826879271,0.953405017921147
803,0.9445417396380619,0.9235159817351598,0.966547192353644
1238,0.47050147492625366,0.6146435452793835,0.3811230585424134
693,0.9411078717201167,0.9191343963553531,0.96415770609319
914,0.6536712150747238,0.7165242165242165,0.6009557945041816
487,0.9095154699357851,0.889269406392694,0.9307048984468339
1578,0.9737609329446064,0.9510250569476082,0.997610513739546
1398,0.9504373177842566,0.928246013667426,0.973715651135006
867,0.7355425601039636,0.8062678062678063,0.6762246117084827
1134,0.9573847051955633,0.9360730593607306,0.9796893667861409
1058,0.9285714285714286,0.9069767441860465,0.9512195121951219
1430,0.963265306122449,0.9407744874715261,0.986857825567503
1470,0.950379451255108,0.9292237442922374,0.972520908004779
1353,0.9714285714285714,0.94874715261959,0.995221027479092
1567,0.9516034985422741,0.929384965831435,0.974910394265233
462,0.9131195335276968,0.8917995444191344,0.9354838709677419
1230,0.9201166180758017,0.8986332574031891,0.942652329749104
329,0.9189504373177843,0.89749430523918,0.9414575866188769
411,0.9259475218658892,0.9043280182232346,0.948626045400239
131,0.5735449735449736,0.5147198480531814,0.6475507765830346
1340,0.9422066549912435,0.9212328767123288,0.96415770609319
842,0.574095682613769,0.5610034207525656,0.5878136200716846
1416,0.972594752186589,0.9498861047835991,0.996415770609319
455,0.9246935201401051,0.9041095890410958,0.946236559139785
656,0.8896,0.8034682080924855,0.996415770609319
839,0.88604898828541,0.7992315081652257,0.994026284348865
984,0.6715542521994134,0.8690702087286527,0.5471923536439666
1429,0.9352769679300291,0.9134396355353075,0.9581839904420549
1526,0.9247058823529412,0.903448275862069,0.946987951807229
577,0.9504373177842566,0.928246013667426,0.973715651135006
677,0.824468085106383,0.7430488974113135,0.9259259259259259
1375,0.9201166180758017,0.8986332574031891,0.942652329749104
65,0.7739544732662784,0.6948669201520913,0.8733572281959379
751,0.9563164108618654,0.9331797235023042,0.9806295399515739
1466,0.9142857142857143,0.8929384965831435,0.9366786140979689
473,0.8856837606837606,0.8009661835748793,0.9904420549581839
1394,0.9551020408163265,0.9328018223234624,0.978494623655914
441,0.9271137026239067,0.9054669703872438,0.9498207885304659
94,0.8862973760932945,0.8656036446469249,0.9080047789725209
1266,0.9212827988338192,0.8997722095671982,0.9438470728793309
1026,0.7892813641900122,0.7705112960760999,0.8089887640449438
31,0.9661610268378062,0.9441277080957811,0.989247311827957
830,0.9107871720116618,0.8895216400911162,0.9330943847072879
1290,0.7323290845886443,0.7149321266968326,0.7505938242280285
1044,0.9320252277505255,0.910958904109589,0.9540889526542324
1235,0.9037900874635568,0.8826879271070615,0.9259259259259259
1322,0.8793650793650793,0.7891737891737892,0.992831541218638
618,0.7587672688629118,0.75,0.7677419354838709
1448,0.7904761904761904,0.7094017094017094,0.8924731182795699
1050,0.9173669467787114,0.896032831737346,0.93974175035868
874,0.750291715285881,0.7331812998859749,0.7682198327359617
1420,0.9352769679300291,0.9134396355353075,0.9581839904420549
174,0.9422740524781341,0.9202733485193622,0.965352449223417
466,0.9684947491248541,0.9464082098061574,0.991636798088411
146,0.8783068783068783,0.7882241215574549,0.991636798088411
331,0.970262390670554,0.9476082004555809,0.994026284348865
1199,0.9644314868804664,0.9419134396355353,0.98805256869773
1209,0.9131195335276968,0.8917995444191344,0.9354838709677419
1102,0.881063122923588,0.861038961038961,0.9020408163265307
992,0.9737609329446064,0.9510250569476082,0.997610513739546
717,0.965597667638484,0.9430523917995444,0.989247311827957
91,0.9271137026239067,0.9054669703872438,0.9498207885304659
378,0.8772486772486773,0.7872744539411206,0.9904420549581839
1219,0.9247813411078717,0.9031890660592256,0.9474313022700119
515,0.8835978835978836,0.7929724596391263,0.997610513739546
1472,0.8265107212475633,0.905982905982906,0.7598566308243727
1022,0.7496962332928311,0.7319098457888493,0.7683686176836861
187,0.9236151603498542,0.9020501138952164,0.946236559139785
504,0.8814814814814815,0.7910731244064577,0.995221027479092
961,0.6402332361516035,0.6252847380410023,0.6559139784946236
745,0.8793650793650793,0.7891737891737892,0.992831541218638
1079,0.8781512605042017,0.8577291381668947,0.8995695839311334
1220,0.885131195335277,0.8644646924829157,0.9068100358422939
1100,0.8396501457725948,0.8200455580865603,0.8602150537634409
83,0.9754959159859977,0.9532497149372862,0.998805256869773
1428,0.8783068783068783,0.7882241215574549,0.991636798088411
1214,0.8793650793650793,0.7891737891737892,0.992831541218638
1548,0.9061224489795918,0.8849658314350797,0.9283154121863799
589,0.9364431486880467,0.9145785876993167,0.959378733572282
602,0.9439906651108518,0.9224629418472063,0.966547192353644
1187,0.574927113702624,0.5615034168564921,0.5890083632019116
511,0.9574344023323615,0.9350797266514806,0.980884109916368
1089,0.8780177890724269,0.7879133409350056,0.9913916786226685
1038,0.9061624649859944,0.8850889192886456,0.9282639885222381
609,0.9364431486880467,0.9145785876993167,0.959378733572282
343,0.950379451255108,0.9292237442922374,0.972520908004779
1118,0.9472259810554804,0.9234828496042217,0.9722222222222222
153,0.9457725947521866,0.9236902050113895,0.9689366786140979
771,0.9737609329446064,0.9510250569476082,0.997610513739546
980,0.7305669199298656,0.7151029748283753,0.7467144563918757
1239,0.8975,0.875609756097561,0.9205128205128205
612,0.953935860058309,0.9316628701594533,0.977299880525687
1558,0.963265306122449,0.9407744874715261,0.986857825567503
1377,0.9317784256559767,0.9100227790432802,0.954599761051374
818,0.9766081871345029,0.9564719358533792,0.997610513739546
663,0.8915018706574025,0.8065764023210832,0.996415770609319
1378,0.9341107871720117,0.9123006833712984,0.956989247311828
1482,0.9737609329446064,0.9510250569476082,0.997610513739546
1302,0.8011661807580175,0.7824601366742597,0.8207885304659498
211,0.9387755102040817,0.9168564920273349,0.961768219832736
1436,0.9463243873978997,0.9247434435575826,0.9689366786140979
437,0.9201166180758017,0.8986332574031891,0.942652329749104
732,0.9597667638483965,0.9373576309794989,0.983273596176822
171,0.7809847198641766,0.700507614213198,0.8823529411764706
747,0.9597667638483965,0.9373576309794989,0.983273596176822
182,0.9212827988338192,0.8997722095671982,0.9438470728793309
1255,0.8825396825396825,0.792022792022792,0.996415770609319
41,0.8984830805134189,0.8779931584948689,0.9199522102747909
54,0.9516034985422741,0.929384965831435,0.974910394265233
585,0.8004235044997353,0.7186311787072244,0.9032258064516129
754,0.970262390670554,0.9476082004555809,0.994026284348865
664,0.885002649708532,0.7952380952380952,0.997610513739546
658,0.7587412587412588,0.6802507836990596,0.857707509881423
885,0.7498542274052478,0.7323462414578588,0.7682198327359617
1141,0.9154518950437318,0.8940774487471527,0.937873357228196
230,0.9259475218658892,0.9043280182232346,0.948626045400239
1062,0.8849970811441915,0.865296803652968,0.9056152927120669
1303,0.9154518950437318,0.8940774487471527,0.937873357228196
274,0.9742690058479532,0.9541809851088202,0.995221027479092
420,0.9259475218658892,0.9043280182232346,0.948626045400239
126,0.6775032509752926,0.7432239657631954,0.6224611708482676
335,0.9154518950437318,0.8940774487471527,0.937873357228196
241,0.7343915343915344,0.6590693257359924,0.8291517323775388
1082,0.8689567430025446,0.7805714285714286,0.9799139167862266
1054,0.9264190609670637,0.9054794520547945,0.9483500717360115
179,0.9516034985422741,0.929384965831435,0.974910394265233
1125,0.9697802197802198,0.9463806970509383,0.9943661971830986
651,0.798941798941799,0.7169990503323836,0.9020310633213859
1339,0.9735760422783324,0.9506880733944955,0.9975932611311673
715,0.8471411901983664,0.8278221208665907,0.8673835125448028
835,0.9177842565597668,0.8963553530751709,0.94026284348865
571,0.9236151603498542,0.9020501138952164,0.946236559139785
551,0.9119533527696793,0.8906605922551253,0.9342891278375149
401,0.9667638483965014,0.9441913439635535,0.9904420549581839
730,0.9667638483965014,0.9441913439635535,0.9904420549581839
1507,0.8751322751322751,0.785375118708452,0.98805256869773
696,0.9737609329446064,0.9510250569476082,0.997610513739546
1176,0.9457725947521866,0.9236902050113895,0.9689366786140979
7,0.9574344023323615,0.9350797266514806,0.980884109916368
1463,0.8819481206987825,0.7918250950570342,0.995221027479092
236,0.879295154185022,0.7908082408874801,0.9900793650793651
372,0.9698461538461538,0.9471153846153846,0.9936948297604036
1289,0.9242513211978861,0.9025229357798165,0.9470517448856799
622,0.8910256410256411,0.8057971014492754,0.996415770609319
45,0.8900747065101388,0.8042430086788814,0.996415770609319
1564,0.956268221574344,0.9339407744874715,0.9796893667861409
832,0.8306878306878307,0.7454890788224121,0.937873357228196
542,0.9282798833819242,0.9066059225512528,0.951015531660693
1035,0.7662565905096661,0.7482837528604119,0.7851140456182473
1568,0.9737609329446064,0.9510250569476082,0.997610513739546
1485,0.9212827988338192,0.8997722095671982,0.9438470728793309
346,0.9714285714285714,0.94874715261959,0.995221027479092
157,0.9043173862310385,0.8836944127708096,0.9259259259259259
173,0.9119533527696793,0.8906605922551253,0.9342891278375149
1528,0.8460634547591069,0.8256880733944955,0.8674698795180723
624,0.9754098360655737,0.9563719862227325,0.995221027479092
783,0.8798305982001059,0.7899239543726235,0.992831541218638
1336,0.9457725947521866,0.9236902050113895,0.9689366786140979
1128,0.9743290548424738,0.9521094640820981,0.997610513739546
1549,0.9737609329446064,0.9510250569476082,0.997610513739546
827,0.9306122448979591,0.908883826879271,0.953405017921147
450,0.9334889148191365,0.9122006841505131,0.955794504181601
383,0.9026239067055394,0.8815489749430524,0.9247311827956989
475,0.834920634920635,0.7492877492877493,0.942652329749104
948,0.3536404160475483,0.4675834970530452,0.2843488649940263
1508,0.970262390670554,0.9476082004555809,0.994026284348865
1210,0.8528428093645485,0.7680722891566265,0.9586466165413534
1174,0.9072886297376094,0.8861047835990888,0.929510155316607
1577,0.9177842565597668,0.8963553530751709,0.94026284348865
1514,0.9579929988331388,0.936145952109464,0.980884109916368
1061,0.898876404494382,0.8775981524249422,0.9212121212121213
1069,0.9401088929219601,0.9184397163120568,0.9628252788104089
1178,0.16161616161616163,0.27350427350427353,0.11469534050179211
84,0.8536443148688047,0.8337129840546698,0.8745519713261649
505,0.9591598599766628,0.9372862029646523,0.982078853046595
582,0.9294460641399417,0.907744874715262,0.9522102747909199
106,0.7875243664717348,0.8632478632478633,0.7240143369175627
1283,0.7608465608465609,0.6828110161443495,0.8590203106332138
407,0.9317784256559767,0.9100227790432802,0.954599761051374
593,0.9638273045507585,0.9418472063854048,0.986857825567503
1308,0.8711370262390671,0.8507972665148064,0.8924731182795699
264,0.9084548104956268,0.8872437357630979,0.9307048984468339
1480,0.9492711370262391,0.9271070615034168,0.972520908004779
564,0.9247813411078717,0.9031890660592256,0.9474313022700119
252,0.9317784256559767,0.9100227790432802,0.954599761051374
860,0.7071178529754959,0.6909920182440137,0.7240143369175627
769,0.8956268221574344,0.8747152619589977,0.9175627240143369
1104,0.8548780487804878,0.8345238095238096,0.87625
670,0.88865210442195,0.801923076923077,0.996415770609319
870,0.2895622895622896,0.49002849002849,0.2054958183990442
1345,0.956268221574344,0.9339407744874715,0.9796893667861409
584,0.8814814814814815,0.7910731244064577,0.995221027479092
417,0.9743290548424738,0.9521094640820981,0.997610513739546
439,0.9492711370262391,0.9271070615034168,0.972520908004779
958,0.7537361923326835,0.8262108262108262,0.6929510155316607
449,0.8966630785791173,0.8158667972575906,0.995221027479092
750,0.956268221574344,0.9339407744874715,0.9796893667861409
1464,0.9469387755102041,0.9248291571753986,0.970131421744325
950,0.6614684860298895,0.7250712250712251,0.6081242532855436
765,0.965154503616042,0.9422336328626444,0.9892183288409704
